section_id,doc_id,doc_type,year_th,year_ce,name_short,era,regime_type,parent_doc_id,chapter_number,chapter_title,section_number,section_role,target_chapter,target_section_no,change_mode,text
const_2549_s_1,const_2549,interim,2549,2006,Constitution 2549 (interim),post_coup_2006,military,,0,บททั่วไป,1,content,,,content,ประเทศไทยเป็นราชอาณาจักรอันหนึ่งอันเดียวจะแบ่งแยกมิได้ พระมหากษัตริย์ทรงเป็นประมุขและทรงดำรงตำแหน่งจอมทัพไทย องค์พระมหากษัตริย์ทรงดำรงอยู่ในฐานะอันเป็นที่เคารพสักการะ ผู้ใดจะละเมิดมิได้ และจะกล่าวหาหรือฟ้องร้องในทางใด ๆ มิได้
const_2549_s_2,const_2549,interim,2549,2006,Constitution 2549 (interim),post_coup_2006,military,,0,บททั่วไป,2,content,,,content,อำนาจอธิปไตยเป็นของปวงชนชาวไทย พระมหากษัตริย์ผู้ทรงเป็นประมุขทรงใช้อำนาจนั้นทางสภานิติบัญญัติแห่งชาติ คณะรัฐมนตรี และศาล ตามบทบัญญัติแห่งรัฐธรรมนูญนี้
const_2549_s_3,const_2549,interim,2549,2006,Constitution 2549 (interim),post_coup_2006,military,,0,บททั่วไป,3,content,,,content,ภายใต้บังคับบทบัญญัติแห่งรัฐธรรมนูญนี้ ศักดิ์ศรีความเป็นมนุษย์ สิทธิ เสรีภาพ และความเสมอภาค บรรดาที่ชนชาวไทยเคยได้รับการคุ้มครองตามประเพณีการปกครองประเทศไทยในระบอบประชาธิปไตยอันมีพระมหากษัตริย์ทรงเป็นประมุขและตามพันธกรณีระหว่างประเทศที่ประเทศไทยมีอยู่แล้ว ย่อมได้รับการคุ้มครองตามรัฐธรรมนูญนี้ เล่ม 123 ตอนที่ 102 ก 1 ตุลาคม 2549
const_2549_s_4,const_2549,interim,2549,2006,Constitution 2549 (interim),post_coup_2006,military,,0,บททั่วไป,4,content,,,content,พระมหากษัตริย์ทรงเลือกและแต่งตั้งประธานองคมนตรีคนหนึ่ง และองคมนตรีอื่น อีกไม่เกินสิบแปดคน ประกอบเป็นคณะองคมนตรี การเลือก การแต่งตั้ง และการพ้นจากตำแหน่งประธานองคมนตรีและองคมนตรีอื่น ให้เป็นไปตามพระราชอัธยาศัย ให้ประธานสภานิติบัญญัติแห่งชาติเป็นผู้ลงนามรับสนองพระบรมราชโองการแต่งตั้งประธาน องคมนตรี และให้ประธานองคมนตรีเป็นผู้ลงนามรับสนองพระบรมราชโองการแต่งตั้งองคมนตรีอื่น
const_2549_s_5,const_2549,interim,2549,2006,Constitution 2549 (interim),post_coup_2006,military,,0,บททั่วไป,5,content,,,content,ให้มีสภานิติบัญญัติแห่งชาติ ประกอบด้วยสมาชิกจำนวนไม่เกินสองร้อยห้าสิบคน ซึ่งพระมหากษัตริย์ทรงแต่งตั้งจากผู้มีสัญชาติไทยโดยกำเนิด และมีอายุไม่ต่ำกว่าสามสิบห้าปี ให้สภานิติบัญญัติแห่งชาติทำหน้าที่สภาผู้แทนราษฎร วุฒิสภา และรัฐสภา ในการสรรหาบุคคลเพื่อแต่งตั้งเป็นสมาชิกสภานิติบัญญัติแห่งชาติ ให้คำนึงถึงบุคคลจาก กลุ่มต่าง ๆ ในภาครัฐ ภาคเอกชน ภาคสังคม และภาควิชาการ จากภูมิภาคต่าง ๆ อย่างเหมาะสม ในกรณีที่มีกฎหมายห้ามมิให้บุคคลดำรงตำแหน่งทางการเมือง มิให้นำกฎหมายนั้นมาใช้บังคับ แก่การได้รับแต่งตั้งเป็นสมาชิกสภานิติบัญญัติแห่งชาติ
const_2549_s_6,const_2549,interim,2549,2006,Constitution 2549 (interim),post_coup_2006,military,,0,บททั่วไป,6,content,,,content,สมาชิกภาพของสมาชิกสภานิติบัญญัติแห่งชาติสิ้นสุดลง เมื่อ (1) ตาย (2) ลาออก (3) ขาดคุณสมบัติตามที่กำหนดไว้ในมาตรา 5 (4) ดำรงตำแหน่งรัฐมนตรี (5) สภานิติบัญญัติแห่งชาติมีมติให้พ้นจากสมาชิกภาพตามมาตรา 8
const_2549_s_7,const_2549,interim,2549,2006,Constitution 2549 (interim),post_coup_2006,military,,0,บททั่วไป,7,content,,,content,พระมหากษัตริย์ทรงแต่งตั้งสมาชิกสภานิติบัญญัติแห่งชาติเป็นประธานสภา คนหนึ่ง และเป็นรองประธานสภาคนหนึ่งหรือหลายคนตามมติของสภานิติบัญญัติแห่งชาติ ให้นำความในมาตรา 6 มาใช้บังคับแก่การพ้นจากตำแหน่งของประธานสภา และรองประธาน สภานิติบัญญัติแห่งชาติด้วยโดยอนุโลม ให้ประธานคณะมนตรีความมั่นคงแห่งชาติเป็นผู้ลงนามรับสนองพระบรมราชโองการแต่งตั้ง สมาชิกสภานิติบัญญัติแห่งชาติ และการแต่งตั้งประธานสภาและรองประธานสภานิติบัญญัติแห่งชาติ เล่ม 123 ตอนที่ 102 ก 1 ตุลาคม 2549
const_2549_s_8,const_2549,interim,2549,2006,Constitution 2549 (interim),post_coup_2006,military,,0,บททั่วไป,8,content,,,content,ในกรณีที่สมาชิกสภานิติบัญญัติแห่งชาติผู้ใดกระทำการอันเป็นการเสื่อมเสีย เกียรติศักดิ์ของการเป็นสมาชิกสภานิติบัญญัติแห่งชาติ หรือมีพฤติการณ์อันเป็นการขัดขวางต่อการปฏิบัติ หน้าที่ของสมาชิกสภานิติบัญญัติแห่งชาติ สมาชิกสภานิติบัญญัติแห่งชาติจำนวนไม่น้อยกว่ายี่สิบคน มีสิทธิเข้าชื่อร้องขอต่อประธานสภานิติบัญญัติแห่งชาติเพื่อให้ผู้นั้นพ้นจากสมาชิกภาพ มติของสภานิติบัญญัติแห่งชาติให้สมาชิกพ้นจากสมาชิกภาพตามวรรคหนึ่ง ต้องมีคะแนนเสียง ไม่น้อยกว่าสองในสามของจำนวนสมาชิกทั้งหมดเท่าที่มีอยู่ในวันลงคะแนน
const_2549_s_9,const_2549,interim,2549,2006,Constitution 2549 (interim),post_coup_2006,military,,0,บททั่วไป,9,content,,,content,การประชุมสภานิติบัญญัติแห่งชาติต้องมีสมาชิกมาประชุมไม่น้อยกว่ากึ่งหนึ่ง ของจำนวนสมาชิกทั้งหมด จึงจะเป็นองค์ประชุม สภานิติบัญญัติแห่งชาติมีอำนาจตราข้อบังคับเกี่ยวกับการเลือกและการปฏิบัติหน้าที่ของ ประธานสภา รองประธานสภาและกรรมาธิการ วิธีการประชุม การเสนอและพิจารณาร่างพระราชบัญญัติ การเสนอญัตติ การอภิปราย การลงมติ การตั้งกระทู้ถาม การรักษาระเบียบและความเรียบร้อย และ กิจการอื่นเพื่อดำเนินการตามอำนาจหน้าที่
const_2549_s_10,const_2549,interim,2549,2006,Constitution 2549 (interim),post_coup_2006,military,,0,บททั่วไป,10,content,,,content,พระมหากษัตริย์ทรงตราพระราชบัญญัติโดยคำแนะนำและยินยอมของ สภานิติบัญญัติแห่งชาติ ภายใต้บังคับมาตรา 30 วรรคหนึ่ง ร่างพระราชบัญญัติจะเสนอได้ก็แต่โดยสมาชิกสภานิติบัญญัติ แห่งชาติร่วมกันจำนวนไม่น้อยกว่ายี่สิบห้าคน หรือคณะรัฐมนตรี แต่ร่างพระราชบัญญัติเกี่ยวด้วย การเงิน จะเสนอได้ก็แต่โดยคณะรัฐมนตรี ร่างพระราชบัญญัติเกี่ยวด้วยการเงินตามวรรคสอง หมายความถึงร่างพระราชบัญญัติว่าด้วย ข้อความดังต่อไปนี้ทั้งหมดหรือแต่อย่างหนึ่งอย่างใด กล่าวคือ การตั้งขึ้น ยกเลิก ลด เปลี่ยนแปลง แก้ไข ผ่อน หรือวางระเบียบการบังคับอันเกี่ยวกับภาษีหรืออากร การจัดสรร รับ รักษา จ่าย โอน หรือก่อภาระผูกพันเงินแผ่นดิน การลดรายได้แผ่นดิน การกู้เงิน การค้ำประกัน หรือการใช้เงินกู้ หรือ ร่างพระราชบัญญัติว่าด้วยเงินตรา ในกรณีเป็นที่สงสัยว่าร่างพระราชบัญญัติซึ่งสมาชิกสภานิติบัญญัติแห่งชาติเป็นผู้เสนอจะเป็น ร่างพระราชบัญญัติเกี่ยวด้วยการเงินหรือไม่ ให้เป็นอำนาจของประธานสภานิติบัญญัติแห่งชาติที่จะ วินิจฉัย เล่ม 123 ตอนที่ 102 ก 1 ตุลาคม 2549
const_2549_s_11,const_2549,interim,2549,2006,Constitution 2549 (interim),post_coup_2006,military,,0,บททั่วไป,11,content,,,content,ในที่ประชุมสภานิติบัญญัติแห่งชาติ สมาชิกทุกคนมีสิทธิตั้งกระหู้ถามรัฐมนตรี ในเรื่องใดอันเกี่ยวกับงานในหน้าที่ได้ แต่รัฐมนตรีย่อมมีสิทธิที่จะไม่ตอบเมื่อเห็นว่าเรื่องนั้นยังไม่ควร เปิดเผยเพราะเกี่ยวกับความปลอดภัยหรือประโยชน์สำคัญของแผ่นดิน หรือเมื่อเห็นว่าเป็นกระทู้ ที่ต้องห้ามตามข้อบังคับ ในกรณีมีปัญหาสำคัญ สมาชิกสภานิติบัญญัติแห่งชาติจำนวนไม่น้อยกว่าหนึ่งร้อยคนจะเข้าชื่อ เสนอญัตติขอเปิดอภิปรายเพื่อซักถามข้อเท็จจริงจากคณะรัฐมนตรีก็ได้ แต่จะลงมติไว้วางใจหรือ ไม่ไว้วางใจไม่ได้
const_2549_s_12,const_2549,interim,2549,2006,Constitution 2549 (interim),post_coup_2006,military,,0,บททั่วไป,12,content,,,content,ในกรณีที่มีปัญหาสำคัญเกี่ยวกับการบริหารราชการแผ่นดินที่คณะรัฐมนตรี เห็นสมควรจะรับฟังความคิดเห็นของสมาชิกสภาณิติบัญญัติแห่งชาติ นายกรัฐมนตรีจะแจ้งไปยัง ประธานสภานิติบัญญัติแห่งชาติขอให้มีการเปิดอภิปรายทั่วไปในที่ประชุมของสภานิติบัญญัติแห่งชาติ ก็ได้ ในกรณีเช่นว่านี้สภานิติบัญญัติแห่งชาติจะลงมติในปัญหาที่อภิปรายนมิได้
const_2549_s_13,const_2549,interim,2549,2006,Constitution 2549 (interim),post_coup_2006,military,,0,บททั่วไป,13,content,,,content,ในการประชุมสภานิติบัญญัติแห่งชาติ ผู้ใดจะกล่าวถ้อยคำใด ๆ ในทางแถลง ข้อเท็จจริง หรือแสดงความคิดเห็น หรือออกเสียงลงคะแนน ย่อมเป็นเอกสิทธิ์โดยเด็ดขาด จะนำไป เป็นเหตุฟ้องร้องว่ากล่าวผู้นั้นในทางใดมิได้ เอกสิทธิ์ที่บัญญัติไว้ในวรรคหนึ่ง ให้คุ้มครองถึงกรรมาธิการของสภา ผู้พิมพ์ ผู้โฆษณารายงาน การประชุมโดยคำสั่งของสภานิติบัญญัติแห่งชาติหรือคณะกรรมาธิการ บุคคลซึ่งประธานในที่ประชุม อนุญาตให้แถลงข้อเท็จจริงหรือแสดงความคิดเห็นในที่ประชุมสภานิติบัญญัติแห่งชาติ ตลอดจน ผู้ดำเนินการถ่ายทอดการประชุมสภานิติบัญญัติแห่งชาติทางวิทยุกระจายเสียงหรือวิทยุโทรทัศน์ที่ได้รับ อนุญาตจากประธานสภานิติบัญญัติแห่งชาติด้วย แต่ไม่คุ้มครองสมาชิกสภาณิติบัญญัติแห่งชาติผู้กล่าว ถ้อยคำในการประชุมที่มีการถ่ายทอดทางวิทยุกระจายเสียงหรือวิทยุโทรทัศน์ หากถ้อยคำที่กล่าว ในที่ประชุมไปปรากฏนอกบริเวณสภานิติบัญญัติแห่งชาติและการกล่าวถ้อยคำนั้นมีลักษณะเป็น ความผิดอาญาหรือละเมิดสิทธิในทางแพ่งต่อบุคคลอื่นซึ่งมิใช่รัฐมนตรีหรือสมาชิกสภานิติบัญญัติ แห่งชาติ ในกรณีที่สมาชิกสภานิติบัญญัติแห่งชาติถูกควบคุมหรือขัง ให้สั่งปล่อยในเมื่อประธาน สภานิติบัญญัติแห่งชาติร้องขอ หรือในกรณีถูกฟ้องในคดีอาญา ให้ศาลพิจารณาคดีต่อไปได้ เว้นแต่ ประธานสภานิติบัญญัติแห่งชาติร้องขอให้งดการพิจารณาคดี เล่ม 123 ตอนที่ 102 ก 1 ตุลาคม 2549
const_2549_s_14,const_2549,interim,2549,2006,Constitution 2549 (interim),post_coup_2006,military,,0,บททั่วไป,14,content,,,content,พระมหากษัตริย์ทรงแต่งตั้งนายกรัฐมนตรีคนหนึ่ง และรัฐมนตรีอื่นอีกจำนวน ไม่เกินสามสิบห้าคนตามที่นายกรัฐมนตรีถวายคำแนะนำ ประกอบเป็นคณะรัฐมนตรีมีหน้าที่บริหารราชการแผ่นดิน พระมหากษัตริย์ทรงไว้ซึ่งพระราชอำนาจในการให้นายกรัฐมนตรีพ้นจากตำแหน่งตามที่ประธานคณะมนตรีความมั่นคงแห่งชาติถวายคำแนะนำ และให้รัฐมนตรีพ้นจากตำแหน่งตามที่นายกรัฐมนตรีถวายคำแนะนำ การแต่งตั้งนายกรัฐมนตรีและการให้นายกรัฐมนตรีพ้นจากตำแหน่ง ให้ประธานคณะมนตรีความมั่นคงแห่งชาติเป็นผู้ลงนามรับสนองพระบรมราชโองการ นายกรัฐมนตรีและรัฐมนตรีจะดำรงตำแหน่งสมาชิกสภานิติบัญญัติแห่งชาติ สมาชิกสภาร่างรัฐธรรมนูญ หรือกรรมาธิการยกร่างรัฐธรรมนูญ ในขณะเดียวกันมิได้ นายกรัฐมนตรีและรัฐมนตรีมีสิทธิเข้าร่วมประชุมชี้แจงแสดงความคิดเห็นในที่ประชุมสภานิติบัญญัติแห่งชาติ แต่ไม่มีสิทธิออกเสียงลงคะแนน
const_2549_s_15,const_2549,interim,2549,2006,Constitution 2549 (interim),post_coup_2006,military,,0,บททั่วไป,15,content,,,content,ในกรณีเพื่อประโยชน์ในอันที่จะรักษาความมั่นคงแห่งราชอาณาจักร ความปลอดภัยของประเทศ ความมั่นคงทางเศรษฐกิจของประเทศ หรือป้องปัดภัยพิบัติสาธารณะ หรือเมื่อมีความจำเป็นต้องมีกฎหมายเกี่ยวด้วยการภาษีอากรหรือเงินตราที่ต้องพิจารณาโดยด่วนและลับ พระมหากษัตริย์ทรงไว้ซึ่งพระราชอำนาจในการตราพระราชกำหนดให้ใช้บังคับดังเช่นพระราชบัญญัติ เมื่อได้ประกาศใช้พระราชกำหนดแล้ว ให้คณะรัฐมนตรีเสนอพระราชกำหนดต่อสภานิติบัญญัติแห่งชาติโดยไม่ชักช้า ถ้าสภานิติบัญญัติแห่งชาติอนุมัติแล้ว ให้พระราชกำหนดนั้นมีผลใช้บังคับเป็นพระราชบัญญัติต่อไป ถ้าสภานิติบัญญัติแห่งชาติไม่อนุมัติ ให้พระราชกำหนดนั้นตกไป แต่ทั้งนี้ไม่กระทบกระเทือนกิจการที่ได้เป็นไปในระหว่างที่ใช้พระราชกำหนดนั้น เว้นแต่พระราชกำหนดนั้นมีผลเป็นการแก้ไขเพิ่มเติมหรือยกเลิกบทบัญญัติแห่งกฎหมายใด ให้บทบัญญัติแห่งกฎหมายที่มีอยู่ก่อนการแก้ไขเพิ่มเติมหรือยกเลิกมีผลใช้บังคับต่อไปตั้งแต่วันที่การไม่อนุมัติพระราชกำหนดนั้นมีผลบังคับ การอนุมัติหรือไม่อนุมัติพระราชกำหนดให้ประกาศในราชกิจจานุเบกษา ในกรณีไม่อนุมัติให้มีผลตั้งแต่วันประกาศในราชกิจจานุเบกษา
const_2549_s_16,const_2549,interim,2549,2006,Constitution 2549 (interim),post_coup_2006,military,,0,บททั่วไป,16,content,,,content,พระมหากษัตริย์ทรงไว้ซึ่งพระราชอำนาจในการตราพระราชกฤษฎีกาโดยไม่ขัดต่อกฎหมาย เล่ม 123 ตอนที่ 102 ก หน้า 7 ราชกิจจานุเบกษา 1 ตุลาคม 2549
const_2549_s_17,const_2549,interim,2549,2006,Constitution 2549 (interim),post_coup_2006,military,,0,บททั่วไป,17,content,,,content,บรรดาบทกฎหมาย พระราชหัตถเลขา และพระบรมราชโองการใด ๆ อันเกี่ยวกับราชการแผ่นดิน ต้องมีนายกรัฐมนตรีหรือรัฐมนตรีเป็นผู้ลงนามรับสนองพระบรมราชโองการ เว้นแต่รัฐธรรมนูญนี้จะบัญญัติไว้เป็นอย่างอื่น
const_2549_s_18,const_2549,interim,2549,2006,Constitution 2549 (interim),post_coup_2006,military,,0,บททั่วไป,18,content,,,content,ผู้พิพากษาและตุลาการมีอิสระในการพิจารณาพิพากษาอรรถคดีในพระปรมาภิไธยพระมหากษัตริย์ให้เป็นไปโดยเที่ยงธรรมตามกฎหมายและรัฐธรรมนูญนี้
const_2549_s_19,const_2549,interim,2549,2006,Constitution 2549 (interim),post_coup_2006,military,,0,บททั่วไป,19,content,,,content,ให้มีสภาร่างรัฐธรรมนูญ เพื่อจัดทำร่างรัฐธรรมนูญประกอบด้วยสมาชิกซึ่งทรงพระกรุณาโปรดเกล้า ฯ แต่งตั้งตามวิธีการที่บัญญัติไว้ในรัฐธรรมนูญนี้มีจำนวนหนึ่งร้อยคน พระมหากษัตริย์ทรงแต่งตั้งสมาชิกสภาร่างรัฐธรรมนูญเป็นประธานสภาร่างรัฐธรรมนูญคนหนึ่ง และรองประธานสภาร่างรัฐธรรมนูญอีกไม่เกินสองคน ตามมติของสภาร่างรัฐธรรมนูญ ประธานคณะมนตรีความมั่นคงแห่งชาติเป็นผู้ลงนามรับสนองพระบรมราชโองการแต่งตั้งประธานสภาและรองประธานสภาร่างรัฐธรรมนูญ สมาชิกสภาร่างรัฐธรรมนูญต้องไม่เป็นหรือเคยเป็นสมาชิกพรรคการเมือง หรือดำรงตำแหน่งใดในพรรคการเมืองภายในเวลาสองปีก่อนวันได้รับการคัดเลือกให้เป็นสมาชิกสภาร่างรัฐธรรมนูญ และต้องไม่ดำรงตำแหน่งสมาชิกสภานิติบัญญัติแห่งชาติในขณะเดียวกัน ให้สมาชิกสภาร่างรัฐธรรมนูญ กรรมาธิการของสภา ผู้พิมพ์ ผู้โฆษณารายงานการประชุม โดยคำสั่งของสภาร่างรัฐธรรมนูญหรือคณะกรรมการ บุคคลซึ่งประธานในที่ประชุมอนุญาตให้แถลงข้อเท็จจริงหรือแสดงความคิดเห็นในที่ประชุมสภาร่างรัฐธรรมนูญ และผู้ดำเนินการถ่ายทอดการประชุมสภาร่างรัฐธรรมนูญทางวิทยุกระจายเสียงหรือวิทยุโทรทัศน์ที่ได้รับอนุญาตจากประธานสภาร่างรัฐธรรมนูญ ได้รับเอกสิทธิ์และความคุ้มกันตามที่บัญญัติไว้ในมาตรา 13 เช่นเดียวกับสมาชิกสภานิติบัญญัติแห่งชาติ ให้นำมาตรา 9 วรรคหนึ่ง มาใช้บังคับแก่องค์ประชุมของสภาร่างรัฐธรรมนูญและให้นำข้อบังคับของสภานิติบัญญัติแห่งชาติมาใช้บังคับแก่การประชุมสภาร่างรัฐธรรมนูญด้วยโดยอนุโลม
const_2549_s_20,const_2549,interim,2549,2006,Constitution 2549 (interim),post_coup_2006,military,,0,บททั่วไป,20,content,,,content,ให้มีสมัชชาแห่งชาติ ประกอบด้วยสมาชิกซึ่งทรงพระกรุณาโปรดเกล้า ฯ แต่งตั้งจากผู้มีสัญชาติไทยโดยกำเนิด อายุไม่ต่ำกว่าสิบแปดปี มีจำนวนไม่เกินสองพันคน ให้ประธานคณะมนตรีความมั่นคงแห่งชาติเป็นผู้ลงนามรับสนองพระบรมราชโองการแต่งตั้งสมาชิกสมัชชาแห่งชาติตามวรรคหนึ่ง เล่ม 123 ตอนที่ 102 ก 1 ตุลาคม 2549 ให้นำความในมาตรา 5 วรรคสามและวรรคสี่ มาใช้บังคับแก่การสรรหาบุคคลและการได้รับแต่งตั้งเป็นสมาชิกสมัชชาแห่งชาติด้วยโดยอนุโลม
const_2549_s_21,const_2549,interim,2549,2006,Constitution 2549 (interim),post_coup_2006,military,,0,บททั่วไป,21,content,,,content,ในการประชุมสมัชชาแห่งชาติ ให้ประธานสภานิติบัญญัติแห่งชาติทำหน้าที่ประธานสมัชชาแห่งชาติ และรองประธานสภานิติบัญญัติแห่งชาติ ทำหน้าที่รองประธานสมัชชาแห่งชาติ การประชุมสมัชชาแห่งชาติและวิธีการคัดเลือกสมาชิกสภาร่างรัฐธรรมนูญ ให้เป็นไปตามที่ผู้ทำหน้าที่ประธานสมัชชาแห่งชาติกำหนด
const_2549_s_22,const_2549,interim,2549,2006,Constitution 2549 (interim),post_coup_2006,military,,0,บททั่วไป,22,content,,,content,ให้สมัชชาแห่งชาติมีหน้าที่คัดเลือกสมาชิกด้วยกันเองเพื่อจัดทำบัญชีรายชื่อผู้สมควรได้รับการโปรดเกล้า ฯ แต่งตั้งเป็นสมาชิกสภาร่างรัฐธรรมนูญมีจำนวนสองร้อยคน ให้แล้วเสร็จภายในเจ็ดวันนับแต่วันเปิดประชุมสมัชชาแห่งชาติครั้งแรก และเมื่อได้คัดเลือกสมาชิกสภาร่างรัฐธรรมนูญแล้ว หรือเมื่อครบกำหนดเวลาแล้วยังไม่อาจคัดเลือกได้ครบถ้วน ให้สมัชชาแห่งชาติเป็นอันสิ้นสุดลง การคัดเลือกตามวรรคหนึ่ง ให้สมาชิกสมัชชาแห่งชาติมีสิทธิเลือกได้คนละไม่เกินสามรายชื่อ และให้ผู้ได้คะแนนเสียงสูงสุดเรียงลงไปตามลำดับจนครบสองร้อยคนเป็นผู้ได้รับเลือก ในกรณีที่มีคะแนนเสียงเท่ากันในลำดับใดอันจะทำให้มีผู้ได้รับเลือกเกินสองร้อยคน ให้ใช้วิธีจับสลาก
const_2549_s_23,const_2549,interim,2549,2006,Constitution 2549 (interim),post_coup_2006,military,,0,บททั่วไป,23,content,,,content,เมื่อได้รับบัญชีรายชื่อที่ได้รับการคัดเลือกจากสมัชชาแห่งชาติแล้ว ให้คณะมนตรีความมั่นคงแห่งชาติคัดเลือกบุคคลตามบัญชีรายชื่อดังกล่าวให้เหลือหนึ่งร้อยคน และนำความกราบบังคมทูลเพื่อทรงพระกรุณาโปรดเกล้า ฯ แต่งตั้งเป็นสมาชิกสภาร่างรัฐธรรมนูญ ในกรณีที่สมัชชาแห่งชาติปฏิบัติหน้าที่ไม่แล้วเสร็จภายในกำหนดเวลาตามมาตรา 22 วรรคหนึ่ง ให้คณะมนตรีความมั่นคงแห่งชาติเลือกสมาชิกสมัชชาแห่งชาติจำนวนหนึ่งร้อยคน เป็นสมาชิกสภาร่างรัฐธรรมนูญเพื่อนำความกราบบังคมทูลเพื่อทรงพระกรุณาโปรดเกล้า ฯ แต่งตั้งต่อไป ให้ประธานคณะมนตรีความมั่นคงแห่งชาติเป็นผู้ลงนามรับสนองพระบรมราชโองการแต่งตั้งสมาชิกสภาร่างรัฐธรรมนูญ ให้นำความในมาตรา 5 วรรคสี่ มาใช้บังคับแก่การได้รับแต่งตั้งเป็นสมาชิกสภาร่างรัฐธรรมนูญ และกรรมาธิการตามมาตรา 25 ด้วยโดยอนุโลม เล่ม 123 ตอนที่ 102 ก หน้า 9 ราชกิจจานุเบกษา 1 ตุลาคม 2549
const_2549_s_24,const_2549,interim,2549,2006,Constitution 2549 (interim),post_coup_2006,military,,0,บททั่วไป,24,content,,,content,ในระหว่างที่สภาร่างรัฐธรรมนูญยังปฏิบัติหน้าที่ตามรัฐธรรมนูญนี้ไม่แล้วเสร็จ หากมีสมาชิกสภาร่างรัฐธรรมนูญพ้นจากตำแหน่งไม่ว่าด้วยเหตุใด ให้ประธานคณะมนตรีความมั่นคงแห่งชาติคัดเลือกบุคคลจากบัญชีรายชื่อตามมาตรา 22 ที่เหลืออยู่ หรือจากบุคคลที่เคยเป็นสมาชิกสมัชชาแห่งชาติ แล้วแต่กรณี เพื่อนำความกราบบังคมทูลเพื่อทรงพระกรุณาโปรดเกล้า ฯ แต่งตั้ง เป็นสมาชิกสภาร่างรัฐธรรมนูญแทนตำแหน่งที่ว่าง ทั้งนี้ ภายในสามสิบวันนับแต่วันที่มีตำแหน่งว่าง ในระหว่างที่ยังมิได้แต่งตั้งสมาชิกสภาร่างรัฐธรรมนูญแทนตำแหน่งที่ว่าง ให้สภาร่างรัฐธรรมนูญประกอบด้วยสมาชิกเท่าที่เหลืออยู่
const_2549_s_25,const_2549,interim,2549,2006,Constitution 2549 (interim),post_coup_2006,military,,0,บททั่วไป,25,content,,,content,ในการจัดทำร่างรัฐธรรมนูญ ให้สภาร่างรัฐธรรมนูญแต่งตั้งคณะกรรมาธิการ ยกร่างรัฐธรรมนูญขึ้นคณะหนึ่ง ประกอบด้วยผู้ทรงคุณวุฒิซึ่งเป็นหรือมิได้เป็นสมาชิกสภาร่างรัฐธรรมนูญ ที่ได้รับการคัดเลือกตามมติของสภาจำนวนยี่สิบห้าคน และผู้ทรงคุณวุฒิซึ่งเป็นหรือมิได้เป็นสมาชิก สภาร่างรัฐธรรมนูญจำนวนสิบคนตามคำแนะนำของประธานคณะมนตรีความมั่นคงแห่งชาติ ทั้งนี้ ตามหลักเกณฑ์และวิธีการที่กำหนดในพระราชกฤษฎีกา
const_2549_s_26,const_2549,interim,2549,2006,Constitution 2549 (interim),post_coup_2006,military,,0,บททั่วไป,26,content,,,content,เมื่อคณะกรรมาธิการยกร่างรัฐธรรมนูญจัดทำร่างรัฐธรรมนูญเสร็จแล้ว ให้จัดทำ คำชี้แจงว่าร่างรัฐธรรมนูญที่จัดทำขึ้นใหม่นั้น มีความแตกต่างกับรัฐธรรมนูญแห่งราชอาณาจักรไทย พุทธศักราช 2540 ในเรื่องใดพร้อมด้วยเหตุผลในการแก้ไขไปยังสมาชิกสภาร่างรัฐธรรมนูญ องค์กร และบุคคลดังต่อไปนี้ เพื่อพิจารณาและเสนอความคิดเห็น (1) คณะมนตรีความมั่นคงแห่งชาติ (2) สภานิติบัญญัติแห่งชาติ (3) คณะรัฐมนตรี (4) ศาลฎีกา (5) ศาลปกครองสูงสุด (6) คณะกรรมการการเลือกตั้ง (7) คณะกรรมการป้องกันและปราบปรามการทุจริตแห่งชาติ (8) ผู้ว่าการตรวจเงินแผ่นดิน (9) ผู้ตรวจการแผ่นดินของรัฐสภา (10) คณะกรรมการสิทธิมนุษยชนแห่งชาติ เล่ม 123 ตอนที่ 102 ก 1 ตุลาคม 2549 (11) สภาที่ปรึกษาเศรษฐกิจและสังคมแห่งชาติ (12) สถาบันอุดมศึกษา ให้คณะกรรมาธิการยกร่างรัฐธรรมนูญเผยแพร่ร่างรัฐธรรมนูญและเอกสารชี้แจงตามวรรคหนึ่ง ให้ประชาชนทั่วไปทราบ ตลอดจนส่งเสริมและจัดให้มีการรับฟังความคิดเห็นจากประชาชนประกอบด้วย
const_2549_s_27,const_2549,interim,2549,2006,Constitution 2549 (interim),post_coup_2006,military,,0,บททั่วไป,27,content,,,content,เมื่อสมาชิกสภาร่างรัฐธรรมนูญได้รับร่างรัฐธรรมนูญและเอกสารตามมาตรา 26 แล้ว หากประสงค์จะแปรญัตติแก้ไขเพิ่มเติม ให้กระทำได้เมื่อมีสมาชิกสภาร่างรัฐธรรมนูญลงชื่อรับรอง ไม่น้อยกว่าหนึ่งในสิบของจำนวนสมาชิกสภาร่างรัฐธรรมนูญที่มีอยู่และต้องยื่นคำขอแปรญัตติพร้อมทั้ง เหตุผลก่อนวันนัดประชุมสภาร่างรัฐธรรมนูญตามมาตรา 28 สมาชิกที่ยื่นคำขอแปรญัตติหรือที่ให้คำรับรองคำแปรญัตติของสมาชิกอื่นแล้ว จะยื่นคำขอ แปรญัตติหรือรับรองคำแปรญัตติของสมาชิกอื่นใดอีกไม่ได้
const_2549_s_28,const_2549,interim,2549,2006,Constitution 2549 (interim),post_coup_2006,military,,0,บททั่วไป,28,content,,,content,เมื่อพ้นกำหนดสามสิบวันนับแต่วันที่ส่งเอกสารตามมาตรา 26 ให้คณะกรรมาธิการ ยกร่างรัฐธรรมนูญพิจารณาความเห็นที่ได้รับมาตามมาตรา 26 และคำแปรญัตติตามมาตรา 27 พร้อมทั้งจัดทำรายงานการแก้ไขเพิ่มเติมหรือไม่แก้ไขเพิ่มเติมพร้อมทั้งเหตุผล เผยแพร่ให้ทราบ เป็นการทั่วไป แล้วนำเสนอร่างรัฐธรรมนูญต่อสภาร่างรัฐธรรมนูญเพื่อพิจารณา การพิจารณาของสภาร่างรัฐธรรมนูญตามวรรคหนึ่งเป็นการพิจารณาเพื่อให้ความเห็นชอบ หรือไม่เห็นชอบร่างรัฐธรรมนูญทั้งฉบับและเฉพาะมาตราที่สมาชิกยื่นคำขอแปรญัตติตามมาตรา 27 หรือที่คณะกรรมาธิการยกร่างรัฐธรรมนูญเสนอ โดยสมาชิกสภาร่างรัฐธรรมนูญจะแปรญัตติแก้ไข เพิ่มเติมนอกจากที่บัญญัติไว้ในมาตรา 27 มิได้ เว้นแต่คณะกรรมาธิการยกร่างรัฐธรรมนูญจะเห็นชอบ ด้วยหรือสมาชิกสภาร่างรัฐธรรมนูญมีจำนวนไม่น้อยกว่าสามในห้าเห็นชอบด้วยกับการแก้ไขเพิ่มเติมนั้น
const_2549_s_29,const_2549,interim,2549,2006,Constitution 2549 (interim),post_coup_2006,military,,0,บททั่วไป,29,content,,,content,ให้สภาร่างรัฐธรรมนูญจัดทำร่างรัฐธรรมนูญและพิจารณาให้แล้วเสร็จตาม มาตรา 28 ภายในหนึ่งร้อยแปดสิบวันนับแต่วันเปิดประชุมสภาร่างรัฐธรรมนูญครั้งแรก เมื่อจัดทำร่างรัฐธรรมนูญเสร็จแล้ว ให้เผยแพร่ให้ประชาชนทราบและจัดให้มีการออกเสียง ประชามติว่าจะให้ความเห็นชอบหรือไม่เห็นชอบร่างรัฐธรรมนูญทั้งฉบับ ซึ่งต้องจัดทำไม่เร็วกว่าสิบห้าวัน และไม่ช้ากว่าสามสิบวันนับแต่วันที่เผยแพร่ร่างรัฐธรรมนูญดังกล่าว ทั้งนี้ ตามหลักเกณฑ์และวิธีการ ที่สภาร่างรัฐธรรมนูญประกาศกำหนด การออกเสียงประชามติต้องกระทำภายในวันเดียวกันทั่วราชอาณาจักร เล่ม 123 ตอนที่ 102 ก 1 ตุลาคม 2549
const_2549_s_30,const_2549,interim,2549,2006,Constitution 2549 (interim),post_coup_2006,military,,0,บททั่วไป,30,content,,,content,เมื่อจัดทำร่างรัฐธรรมนูญแล้วเสร็จตามมาตรา 29 วรรคหนึ่ง ให้คณะกรรมาธิการ ยกร่างรัฐธรรมนูญดำเนินการยกร่างพระราชบัญญัติประกอบรัฐธรรมนูญเฉพาะที่จำเป็นเพื่อประโยชน์ ในการจัดให้มีการเลือกตั้งให้แล้วเสร็จภายในสี่สิบห้าวันนับแต่วันที่จัดทำร่างรัฐธรรมนูญแล้วเสร็จ เพื่อเสนอต่อสถานิติบัญญัติแห่งชาติดำเนินการต่อไปซึ่งสถานิติบัญญัติแห่งชาติต้องพิจารณาให้แล้วเสร็จ ภายในสี่สิบห้าวันนับแต่วันที่ได้รับร่างจากคณะกรรมาธิการยกร่างรัฐธรรมนูญ เพื่อประโยชน์แห่งการขจัดส่วนได้เสีย ห้ามมิให้กรรมาธิการยกร่างรัฐธรรมนูญลงสมัคร รับเลือกตั้งเป็นสมาชิกสภาผู้แทนราษฎรหรือดำรงตำแหน่งสมาชิกวุฒิสภาภายในสองปีนับแต่วันที่ฟันจาก ตำแหน่งกรรมาธิการยกร่างรัฐธรรมนูญ
const_2549_s_31,const_2549,interim,2549,2006,Constitution 2549 (interim),post_coup_2006,military,,0,บททั่วไป,31,content,,,content,ในการออกเสียงประชามติ ถ้าประชาชนผู้มีสิทธิเลือกตั้งโดยเสียงข้างมากของ ผู้มาออกเสียงประชามติเห็นชอบให้นำร่างรัฐธรรมนูญฉบับใหม่มาใช้บังคับแล้ว ให้ประธานสภานิติบัญญัติ แห่งชาตินำร่างรัฐธรรมนูญขึ้นทูลเกล้าทูลกระหม่อมฉวย และเมื่อทรงลงพระปรมาภิไธยแล้ว ให้ประกาศ ในราชกิจจานุเบกษาและใช้บังคับได้ เมื่อมีการประกาศใช้รัฐธรรมนูญและสภาร่างรัฐธรรมนูญได้จัดทำร่างพระราชบัญญัติประกอบ รัฐธรรมนูญตามมาตรา 30 เสร็จแล้ว หรือเมื่อครบกำหนดระยะเวลาตามมาตรา 30 สุดแต่เวลาใด จะถึงก่อน ให้สภาร่างรัฐธรรมนูญเป็นอันสิ้นสุดลง
const_2549_s_32,const_2549,interim,2549,2006,Constitution 2549 (interim),post_coup_2006,military,,0,บททั่วไป,32,content,,,content,ในกรณีที่สภาร่างรัฐธรรมนูญจัดทำร่างรัฐธรรมนูญไม่แล้วเสร็จภายใน กำหนดเวลาตามมาตรา 29 วรรคหนึ่ง ก็ดี สภาร่างรัฐธรรมนูญไม่ให้ความเห็นชอบร่างรัฐธรรมนูญ ตามมาตรา 28 วรรคสอง ก็ดี หรือในการออกเสียงประชามติตามมาตรา 31 ประชาชนโดยเสียงข้างมาก ของผู้มาออกเสียงประชามติไม่เห็นชอบให้ใช้ร่างรัฐธรรมนูญฉบับใหม่ก็ดี ให้สภาร่างรัฐธรรมนูญ สิ้นสุดลง และให้คณะมนตรีความมั่นคงแห่งชาติประชุมร่วมกับคณะรัฐมนตรีเพื่อพิจารณารัฐธรรมนูญ แห่งราชอาณาจักรไทยที่ได้เคยประกาศใช้บังคับมาแล้วฉบับใดฉบับหนึ่งมาปรับปรุงให้แล้วเสร็จภายใน สามสิบวันนับแต่วันออกเสียงประชามติไม่เห็นชอบ และนำขึ้นทูลเกล้าทูลกระหม่อมฉวยเพื่อทรงลง พระปรมาภิไธยประกาศใช้เป็นรัฐธรรมนูญต่อไป ในการประชุมร่วมกันตามวรรคหนึ่ง ให้ประธานคณะมนตรีความมั่นคงแห่งชาติทำหน้าที่ ประธานในที่ประชุม เล่ม 123 ตอนที่ 102 ก 1 ตุลาคม 2549 การประกาศใช้รัฐธรรมนูญตามมาตรา 7 ให้นายกรัฐมนตรีเป็นผู้ลงนามรับสนองพระบรมราชโองการ มาตรา 33 เงินประจำตำแหน่งและประโยชน์ตอบแทนอื่นของประธานสภาและรองประธานสภานิติบัญญัติแห่งชาติและสภาร่างรัฐธรรมนูญ ผู้ดำรงตำแหน่งในคณะมนตรีความมั่นคงแห่งชาติ สมาชิกสภานิติบัญญัติแห่งชาติ สมาชิกสภาร่างรัฐธรรมนูญ กรรมาธิการยกร่างรัฐธรรมนูญ และผู้ดำรงตำแหน่งในคณะตุลาการรัฐธรรมนูญ ให้เป็นไปตามที่กำหนดในพระราชกฤษฎีกา
const_2549_s_34,const_2549,interim,2549,2006,Constitution 2549 (interim),post_coup_2006,military,,0,บททั่วไป,34,content,,,content,เพื่อประโยชน์ในการรักษาความสงบเรียบร้อยและความมั่นคงแห่งชาติ ให้มีคณะมนตรีความมั่นคงแห่งชาติ ประกอบด้วยบุคคลตามประกาศของคณะปฏิรูปการปกครองในระบอบประชาธิปไตย อันมีพระมหากษัตริย์ทรงเป็นประมุข ฉบับที่ 24 ลงวันที่ 29 กันยายน พุทธศักราช 2549 ประธานคณะมนตรีความมั่นคงแห่งชาติอาจแต่งตั้งสมาชิกคณะมนตรีความมั่นคงแห่งชาติเพิ่มขึ้นได้อีกไม่เกินสิบห้าคน ให้หัวหน้า รองหัวหน้า สมาชิก เลขาธิการและผู้ช่วยเลขาธิการคณะปฏิรูปการปกครองในระบอบประชาธิปไตย อันมีพระมหากษัตริย์ทรงเป็นประมุข เป็นประธาน รองประธาน สมาชิก เลขาธิการและผู้ช่วยเลขาธิการคณะมนตรีความมั่นคงแห่งชาติ ตามลำดับ ในกรณีที่ประธานคณะมนตรีความมั่นคงแห่งชาติไม่อยู่หรือไม่อาจปฏิบัติหน้าที่ได้ ให้รองประธานคณะมนตรีความมั่นคงแห่งชาติตามลำดับที่ประธานคณะมนตรีความมั่นคงแห่งชาติกำหนดทำหน้าที่ประธานคณะมนตรีความมั่นคงแห่งชาติ และในกรณีที่ประธานคณะมนตรีความมั่นคงแห่งชาติและรองประธานคณะมนตรีความมั่นคงแห่งชาติไม่อยู่หรือไม่อาจปฏิบัติหน้าที่ได้ ให้สมาชิกคณะมนตรีความมั่นคงแห่งชาติเลือกสมาชิกคณะมนตรีความมั่นคงแห่งชาติคนหนึ่งทำหน้าที่ประธานคณะมนตรีความมั่นคงแห่งชาติ ในกรณีที่เห็นสมควร ประธานคณะมนตรีความมั่นคงแห่งชาติหรือนายกรัฐมนตรีอาจขอให้มีการประชุมร่วมกันของคณะมนตรีความมั่นคงแห่งชาติและคณะรัฐมนตรี เพื่อร่วมพิจารณาและแก้ไขปัญหาใด ๆ อันเกี่ยวกับการรักษาความสงบเรียบร้อยและความมั่นคงแห่งชาติ รวมตลอดทั้งการปรึกษาหารือเป็นครั้งคราวในเรื่องอื่นใดก็ได้
const_2549_s_35,const_2549,interim,2549,2006,Constitution 2549 (interim),post_coup_2006,military,,0,บททั่วไป,35,content,,,content,บรรดาการใดที่มีกฎหมายกำหนดให้เป็นอำนาจของศาลรัฐธรรมนูญหรือเมื่อมีปัญหาว่ากฎหมายใดขัดต่อรัฐธรรมนูญหรือไม่ ให้เป็นอำนาจของคณะตุลาการรัฐธรรมนูญซึ่งประกอบด้วย เล่ม 123 ตอนที่ 102 ก 1 ตุลาคม 2549 ประธานศาลฎีกาเป็นประธาน ประธานศาลปกครองสูงสุดเป็นรองประธาน ผู้พิพากษาในศาลฎีกาซึ่งดำรงตำแหน่งไม่ต่ำกว่าผู้พิพากษาศาลฎีกาซึ่งได้รับเลือกโดยที่ประชุมใหญ่ของศาลฎีกาโดยวิธีลงคะแนนลับจำนวนห้าคนเป็นตุลาการรัฐธรรมนูญ และตุลาการในศาลปกครองสูงสุดซึ่งได้รับเลือกโดยที่ประชุมใหญ่ศาลปกครองสูงสุดโดยวิธีลงคะแนนลับจำนวนสองคน เป็นตุลาการรัฐธรรมนูญ ให้สำนักงานศาลรัฐธรรมนูญตามกฎหมายว่าด้วยสำนักงานศาลรัฐธรรมนูญทำหน้าที่ธุรการและการอื่นใดตามที่ประธานคณะตุลาการรัฐธรรมนูญมอบหมาย องค์คณะในการพิจารณาพิพากษา วิธีพิจารณา และการทำคำวินิจฉัย ให้เป็นไปตามที่คณะตุลาการรัฐธรรมนูญกำหนดโดยประกาศในราชกิจจานุเบกษา บรรดาอรรถคดีหรือการใดที่อยู่ในระหว่างการดำเนินการของศาลรัฐธรรมนูญก่อนวันที่ 19 กันยายน พุทธศักราช 2549 ให้โอนมาอยู่ในอำนาจและความรับผิดชอบของคณะตุลาการรัฐธรรมนูญ
const_2549_s_36,const_2549,interim,2549,2006,Constitution 2549 (interim),post_coup_2006,military,,0,บททั่วไป,36,content,,,content,บรรดาประกาศและคำสั่งของคณะปฏิรูปการปกครองในระบอบประชาธิปไตยอันมีพระมหากษัตริย์ทรงเป็นประมุขหรือคำสั่งของหัวหน้าคณะปฏิรูปการปกครองในระบอบประชาธิปไตย อันมีพระมหากษัตริย์ทรงเป็นประมุขที่ได้ประกาศหรือสั่งในระหว่างวันที่ 19 กันยายน พุทธศักราช 2549 จนถึงวันประกาศใช้รัฐธรรมนูญนี้ ไม่ว่าจะเป็นในรูปใดและไม่ว่าจะประกาศหรือสั่งให้มีผลบังคับในทางนิติบัญญัติ ในทางบริหาร หรือในทางตุลาการ ให้มีผลใช้บังคับต่อไปและให้ถือว่าประกาศหรือคำสั่ง ตลอดจนการปฏิบัติตามประกาศหรือคำสั่งนั้นไม่ว่าการปฏิบัติตามประกาศหรือคำสั่งนั้นจะกระทำก่อนหรือหลังวันประกาศใช้รัฐธรรมนูญนี้เป็นประกาศหรือคำสั่งหรือการปฏิบัติที่ชอบด้วยกฎหมายและชอบด้วยรัฐธรรมนูญ
const_2549_s_37,const_2549,interim,2549,2006,Constitution 2549 (interim),post_coup_2006,military,,0,บททั่วไป,37,content,,,content,บรรดาการกระทำทั้งหลายซึ่งได้กระทำเนื่องในการยึดและควบคุมอำนาจการปกครองแผ่นดิน เมื่อวันที่ 19 กันยายน พุทธศักราช 2549 ของหัวหน้าและคณะปฏิรูปการปกครองในระบอบประชาธิปไตย อันมีพระมหากษัตริย์ทรงเป็นประมุข รวมตลอดทั้งการกระทำของบุคคลที่เกี่ยวเนื่องกับการกระทำดังกล่าวหรือของผู้ซึ่งได้รับมอบหมายจากหัวหน้าหรือคณะปฏิรูปการปกครองในระบอบประชาธิปไตย อันมีพระมหากษัตริย์ทรงเป็นประมุข หรือของผู้ซึ่งได้รับคำสั่งจากผู้ที่ได้รับมอบหมายจากหัวหน้าหรือคณะปฏิรูปการปกครองในระบอบประชาธิปไตย อันมีพระมหากษัตริย์ทรงเป็นประมุข อันได้กระทำไป เพื่อการดังกล่าวข้างต้นนั้น การกระทำดังกล่าวมา เล่ม 123 ตอนที่ 102 ก 1 ตุลาคม 2549 ทั้งหมดนี้ ไม่ว่าเป็นการกระทำเพื่อให้มีผลบังคับในทางนิติบัญญัติ ในทางบริหาร หรือในทางตุลาการ รวมทั้งการลงโทษและการกระทำอันเป็นการบริหารราชการอย่างอื่น ไม่ว่ากระทำในฐานะตัวการ ผู้สนับสนุน ผู้ใช้ให้กระทำ หรือผู้ถูกใช้ให้กระทำ และไม่ว่ากระทำในวันที่กล่าวนั้นหรือก่อนหรือหลัง วันที่กล่าวนั้น หากการกระทำนั้นผิดต่อกฎหมายก็ให้ผู้กระทำฟันจากความผิดและความรับผิดโดยสิ้นเชิง
const_2549_s_38,const_2549,interim,2549,2006,Constitution 2549 (interim),post_coup_2006,military,,0,บททั่วไป,38,content,,,content,ในเมื่อไม่มีบทบัญญัติแห่งรัฐธรรมนูญนี้บังคับแก่กรณีใด ให้วินิจฉัยกรณีนั้น ไปตามประเพณีการปกครองประเทศไทยในระบอบประชาธิปไตยอันมีพระมหากษัตริย์ทรงเป็นประมุข ในกรณีมีปัญหาเกี่ยวแก่การวินิจฉัยกรณีใดตามความในวรรคหนึ่งเกิดขึ้นในวงงานของ สภานิติบัญญัติแห่งชาติ หรือเมื่อมีกรณีที่คณะรัฐมนตรีขอให้สภานิติบัญญัติแห่งชาติวินิจฉัย ให้สภานิติบัญญัติแห่งชาติวินิจฉัยชี้ขาด
const_2549_s_39,const_2549,interim,2549,2006,Constitution 2549 (interim),post_coup_2006,military,,0,บททั่วไป,39,content,,,content,ก่อนคณะรัฐมนตรีเข้ารับหน้าที่ ให้ประธานคณะมนตรีความมั่นคงแห่งชาติ ปฏิบัติหน้าที่นายกรัฐมนตรีและคณะรัฐมนตรี ผู้รับสนองพระบรมราชโองการ พลเอก สนธิ บุญยรัตกลิน หัวหน้าคณะปฏิรูปการปกครอง ในระบอบประชาธิปไตย อันมีพระมหากษัตริย์ ทรงเป็นประมุข
