constitution_id,year_th,year_ce,name_short,era,regime_type,chapter_number,chapter_title,section_number,section_text
const_2495,2495,1952,Constitution 2495,,,0,บททั่วไป,1,ให้ใช้รัฐธรรมนูญแห่งราชอาณาจักรไทย ฉบับ พุทธศักราช 2475 พร้อมทั้งรัฐธรรมนูญแก้ไขเพิ่มเติมว่าด้วย นามประเทศ พุทธศักราช 2482 เป็นรัฐธรรมนูญแห่งราช อาณาจักรไทยฉบับถาวรตั้งแต่วันประกาศในราชกิจจานุเบกษา เป็นต้นไป
const_2495,2495,1952,Constitution 2495,,,0,บททั่วไป,2,ความใน
const_2495,2495,1952,Constitution 2495,,,0,บททั่วไป,9,ถึง
const_2495,2495,1952,Constitution 2495,,,0,บททั่วไป,11,(2) ให้แก้เลข
const_2495,2495,1952,Constitution 2495,,,0,บททั่วไป,4,ถึง
const_2495,2495,1952,Constitution 2495,,,0,บททั่วไป,8,เป็นเลข
const_2495,2495,1952,Constitution 2495,,,0,บททั่วไป,5,ถึง
const_2495,2495,1952,Constitution 2495,,,0,บททั่วไป,9,ตามลำดับ (3) ให้เพิ่มมาตราดังต่อไปนี้เป็น
const_2495,2495,1952,Constitution 2495,,,0,บททั่วไป,4,และ
const_2495,2495,1952,Constitution 2495,,,0,บททั่วไป,10,ถึง
const_2495,2495,1952,Constitution 2495,,,0,บททั่วไป,23,"ตามลำดับ """
const_2495,2495,1952,Constitution 2495,,,0,บททั่วไป,4,"ผู้ใดจะกล่าวหาหรือฟ้องร้องพระมหากษัตริย์ ในทางใด ๆ มิได้"" """
const_2495,2495,1952,Constitution 2495,,,0,บททั่วไป,10,"พระมหากษัตริย์ทรงไว้ซึ่งพระราชอำนาจ ที่จะสถาปนาฐานันดรศักดิ์ และพระราชทานเครื่องราช อิสริยาภรณ์"" ฉบับพิเศษ หน้า 6 ตอนที่ 15 เล่ม 69 ราชกิจจานุเบกษา 8 มีนาคม 2495 """
const_2495,2495,1952,Constitution 2495,,,0,บททั่วไป,11,"พระมหากษัตริย์ทรงไว้ซึ่งพระราชอำนาจ ในการเลือกและแต่งตั้งผู้ทรงคุณวุฒิเป็นประธานองคมนตรีคน หนึ่ง และองคมนตรีอีกไม่มากกว่าแปดคน ประกอบเป็นคณะ องคมนตรี คณะองคมนตรีมีหน้าที่ถวายความเห็นต่อพระมหากษัตริย์ ในพระราชกรณียกิจทั้งปวงที่พระมหากษัตริย์ทรงปรึกษา และ หน้าที่อื่นตามที่บัญญัติในรัฐธรรมนูญนี้ "" """
const_2495,2495,1952,Constitution 2495,,,0,บททั่วไป,12,"การเลือกและแต่งตั้งองคมนตรีก็ดี การ ให้องคมนตรีพ้นจากตำแหน่งก็ดี ให้เป็นไปตามพระราช อัธยาศัย "" """
const_2495,2495,1952,Constitution 2495,,,0,บททั่วไป,13,"องคมนตรีต้องไม่เป็นข้าราชการประจำ รัฐมนตรีหรือข้าราชการการเมืองอื่น หรือสมาชิกสภาผู้แทน ราษฎร และต้องไม่แสดงการฝักใฝ่ในพรรคการเมืองใด ๆ "" """
const_2495,2495,1952,Constitution 2495,,,0,บททั่วไป,14,"ก่อนเข้ารับหน้าที่ องคมนตรีต้องปฏิญาณ ตนเฉพาะพระพักตร์พระมหากษัตริย์ว่า จะซื้อสัตย์สุจริตและ จงรักภักดีต่อพระมหากษัตริย์ และจะปฏิบัติหน้าที่เพื่อ ประโยชน์ของประเทศและประชาชน ทั้งจะรักษาไว้และปฏิบัติ ตามซึ่งรัฐธรรมนูญแห่งราชอาณาจักรไทยทุกประการ "" ฉบับพิเศษ หน้า 7 ตอนที่ 15 เล่ม 69 ราชกิจจานุเบกษา 8 มีนาคม 2495 """
const_2495,2495,1952,Constitution 2495,,,0,บททั่วไป,15,"องคมนตรีพ้นจากตำแหน่งเมื่อ ตาย ลาออก หรือมีพระบรมราชโองการให้พ้นจากตำแหน่ง "" """
const_2495,2495,1952,Constitution 2495,,,0,บททั่วไป,16,"การแต่งตั้งและถอดถอนข้าราชการใน พระองค์ และสมุหราชองครักษ์ ให้เป็นไปตามพระราช อัธยาศัย "" """
const_2495,2495,1952,Constitution 2495,,,0,บททั่วไป,17,"ในเมื่อพระมหากษัตริย์จะไม่ประทับอยู่ใน ราชอาณาจักร หรือด้วยเหตุใดเหตุหนึ่งจะทรงบริหารพระราช ภาระไม่ได้ จะได้ทรงแต่งตั้งผู้ใดผู้หนึ่งด้วยความเห็นชอบ ของสภาผู้แทนราษฎรเป็นผู้สำเร็จราชการแทนพระองค์ และ ให้ประธานสภาผู้แทนราษฎรเป็นผู้ลงนามรับสนองพระบรมราช โองการ "" """
const_2495,2495,1952,Constitution 2495,,,0,บททั่วไป,18,ในกรณีที่พระมาราญัติริย์มิได้ทรงแต่งตั้ง ผู้สำเร็จราชการแทนพระองค์ตามความใน
const_2495,2495,1952,Constitution 2495,,,0,บททั่วไป,17,"ก็ดี ใน กรณีที่พระมหากษัตริย์ไม่สามารถทรงแต่งตั้งผู้สำเร็จราชการแทน พระองค์เพราะยังไม่ทรงบรรลุนิติภาวะ หรือเพราะเหตุอื่น ใดก็ดี ให้คณะองคมนตรีเสนอชื่อผู้ใดผู้หนึ่งที่สมควรดำรง ตำแหน่งผู้สำเร็จราชการแทนพระองค์ต่อสภาผู้แทนราษฎรเพื่อ ขอความเห็นชอบ เมื่อสภาผู้แทนราษฎรให้ความเห็นชอบ ฉบับพิเศษ หน้า 8 ตอนที่ 15 เล่ม 69 ราชกิจจานุเบกษา 8 มีนาคม 2495 แล้ว ก็ให้ประธานสภาผู้แทนราษฎรประกาศในพระปรมาภิไธย พระมหาเกษมศิริ์แต่งตั้งผู้นั้นเป็นผู้สำเร็จราชการแทนพระองค์ ในกรณีที่ไม่มีคณะองคมนตรี ให้คณะรัฐมนตรีทำหน้าที่แทนคณะองคมนตรีตามความในวรรคแรก"" """
const_2495,2495,1952,Constitution 2495,,,0,บททั่วไป,19,ในระหว่างที่ไม่มีผู้สำเร็จราชการแทนพระองค์ ตามที่บัญญัติไว้ใน
const_2495,2495,1952,Constitution 2495,,,0,บททั่วไป,17,หรือ
const_2495,2495,1952,Constitution 2495,,,0,บททั่วไป,18,ก็ดี ในกรณีที่ผู้สำเร็จราชการแทนพระองค์ ซึ่งได้รับการแต่งตั้งตามความใน
const_2495,2495,1952,Constitution 2495,,,0,บททั่วไป,17,หรือ
const_2495,2495,1952,Constitution 2495,,,0,บททั่วไป,18,"ไม่สามารถปฏิบัติหน้าที่ได้ด้วยเหตุใดเหตุหนึ่งก็ดี ให้ประธานองคมนตรีทำหน้าที่ผู้สำเร็จราชการแทนพระองค์ชั่วคราว ในระหว่างที่ประธานองคมนตรีทำหน้าที่ผู้สำเร็จราชการแทนพระองค์ ประธานองคมนตรีจะปฏิบัติหน้าที่ในฐานะเป็นประธานองคมนตรีมิได้ ในกรณีที่ประธานองคมนตรีไม่สามารถปฏิบัติหน้าที่ได้ด้วยเหตุใดเหตุหนึ่ง ให้คณะองคมนตรีเลือกองคมนตรีคนหนึ่งขึ้นเป็นประธานองคมนตรีชั่วคราว ในกรณีที่ไม่มีคณะองคมนตรี ให้คณะรัฐมนตรีทำหน้าที่แทนประธานองคมนตรีตามความในวรรคแรก"" ฉบับพิเศษ หน้า 9 ตอนที่ 15 เล่ม 69 ราชกิจจานุเบกษา 8 มีนาคม 2495 """
const_2495,2495,1952,Constitution 2495,,,0,บททั่วไป,20,ก่อนเข้ารับหน้าที่ ผู้สำเร็จราชการแทน พระองค์ซึ่งได้รับแต่งตั้งตามความใน
const_2495,2495,1952,Constitution 2495,,,0,บททั่วไป,17,หรือ
const_2495,2495,1952,Constitution 2495,,,0,บททั่วไป,18,"ต้องปฏิญาณตนในที่ประชุมสภาผู้แทนราษฎรด้วยถ้อยคำว่า จะ ซื่อสัตย์สุจริตและจงรักภักดีต่อพระมหากษัตริย์ และจะปฏิบัติ หน้าที่เพื่อประโยชน์ของประเทศและประชาชน ทั้งจะรักษา ไว้และปฏิบัติตามซึ่งรัฐธรรมนูญแห่งราชอาณาจักรไทยทุก ประการ"" """
const_2495,2495,1952,Constitution 2495,,,0,บททั่วไป,21,"การสืบราชสมบัติให้เป็นไปโดยนัยแห่ง กฎมณเฑียรบาล ว่าด้วยการสืบราชสันตติวงศ์ พระพุทธศักราช 2467 และประกอบด้วยความเห็นชอบของสภาผู้แทนราษฎร การยกเลิกหรือแก้ไขเพิ่มเติมกฎมณเฑียรบาลว่าด้วยการ สืบราชสันตติวงศ์ พระพุทธศักราช 2467 จะกระทำมิได้"" """
const_2495,2495,1952,Constitution 2495,,,0,บททั่วไป,22,"พระมหากษัตริย์ทรงบรรลุนิติภาวะเมื่อพระ ชนมายุครบสิบแปดปีบริบูรณ์"" """
const_2495,2495,1952,Constitution 2495,,,0,บททั่วไป,23,ในกรณีที่ราชบัลลังก์หากว่างลง ให้คณะ องคมนตรีเสนอพระนามผู้สืบราชสันตติวงศ์ตามกฎมณเฑียรบาล ว่าด้วยการสืบราชสันตติวงศ์ พระพุทธศักราช 2467 ต่อสภา ฉบับพิเศษ หน้า 10 ตอนที่ 15 เล่ม 69 ราชกิจจานุเบกษา 8 มีนาคม 2495 ผู้แทนราษฎร เพื่อขอความเห็นชอบ เมื่อสภาให้ความเห็นชอบแล้ว ให้สภาอัญเชิญองค์ผู้สืบราชสันตติวงศ์ขึ้นทรงราชย์เป็นพระมหากษัตริย์สืบไป แล้วให้ประธานสภาประกาศเพื่อให้ประชาชนทราบ ในระหว่างที่ยังไม่มีประกาศองค์ผู้สืบราชสันตติวงศ์ตามมาตรานี้ ถ้าได้มีการแต่งตั้งผู้ใดเป็นผู้สำเร็จราชการแทนพระองค์ไว้ ตามความใน
const_2495,2495,1952,Constitution 2495,,,0,บททั่วไป,17,หรือ
const_2495,2495,1952,Constitution 2495,,,0,บททั่วไป,18,ก็ให้ผู้นั้นปฏิบัติหน้าที่ผู้สำเร็จราชการแทนพระองค์ไปพลางก่อน แต่ถ้าไม่มีผู้สำเร็จราชการแทนพระองค์ดังกล่าวนี้ ก็ให้ประธานองคมนตรีเป็นผู้สำเร็จราชการแทนพระองค์ไปพลางก่อน ในกรณีที่ประธานองคมนตรีเป็นผู้สำเร็จราชการแทนพระองค์ตามความในวรรคก่อน ให้นำบทบัญญัติ
const_2495,2495,1952,Constitution 2495,,,0,บททั่วไป,19,"วรรคสองและวรรคสามมาใช้บังคับ ในกรณีที่ไม่มีคณะองคมนตรี ให้คณะรัฐมนตรีทำหน้าที่แทนคณะองคมนตรี หรือประธานองคมนตรี แล้วแต่กรณี"""
const_2495,2495,1952,Constitution 2495,,,0,บททั่วไป,3,ความใน
const_2495,2495,1952,Constitution 2495,,,0,บททั่วไป,13,ถึง
const_2495,2495,1952,Constitution 2495,,,0,บททั่วไป,15,(2) ให้แก้เลข
const_2495,2495,1952,Constitution 2495,,,0,บททั่วไป,12,เป็นเลข
const_2495,2495,1952,Constitution 2495,,,0,บททั่วไป,24,(3) ให้เพิ่มมาตราตั้งต่อไปนี้เป็น
const_2495,2495,1952,Constitution 2495,,,0,บททั่วไป,25,ถึง
const_2495,2495,1952,Constitution 2495,,,0,บททั่วไป,37,"ตามลำดับ """
const_2495,2495,1952,Constitution 2495,,,0,บททั่วไป,25,"บุคคลย่อมมีเสรีภาพบริบูรณ์ในการถือ ศาสนา นิกายของศาสนา หรืออัทธินิยมในทางศาสนา และ ย่อมมีเสรีภาพในการปฏิบัติพิธีกรรมตามความเชื่อถือของตน เมื่อไม่เป็นปฏิบัติการที่ของพลเมือง และไม่เป็นการ ขัดขวางต่อความสงบเรียบร้อยหรือศีลธรรมอันดีของประชาชน ในการใช้เสรีภาพดังกล่าวในวรรคก่อน บุคคลย่อมได้รับ ความคุ้มครองมิให้รัฐกระทำการใด ๆ อันเป็นการรอนสิทธิ หรือ เสียประโยชน์อันควรมีควรได้เพราะเหตุที่ถือศาสนา นิกาย ของศาสนา หรืออัทธินิยมในทางศาสนา หรือปฏิบัติพิธีกรรม ตามความเชื่อถือแตกต่างจากบุคคลอื่น"" """
const_2495,2495,1952,Constitution 2495,,,0,บททั่วไป,26,"บุคคลย่อมมีเสรีภาพบริบูรณ์ในทรัพย์สิน การพูด การเขียน การพิมพ์ การโฆษณา การศึกษาอบรม ฉบับพิเศษ หน้า 12 ตอนที่ 15 เล่ม 69 ราชกิจจานุเบกษา 8 มีนาคม 2495 การชุมนุมสาธารณะ การตั้งสมาคม การตั้งพรรคการเมือง ทั้งนี้ภายใต้บังคับแห่งบทกฎหมาย"" """
const_2495,2495,1952,Constitution 2495,,,0,บททั่วไป,27,"บุคคลย่อมมีเสรีภาพบริบูรณ์ในร่างกาย การจับกุม คุมขัง หรือตรวจค้นตัวบุคคลไม่ว่าในกรณีใด ๆ จะกระทำได้ก็แต่โดยอาศัยอำนาจตามบทบัญญัติแห่งกฎหมาย"" """
const_2495,2495,1952,Constitution 2495,,,0,บททั่วไป,28,"การเกณฑ์แรงงานจะกระทำได้ก็แต่โดย อาศัยอำนาจตามบทบัญญัติแห่งกฎหมาย"" """
const_2495,2495,1952,Constitution 2495,,,0,บททั่วไป,29,"รัฐย่อมเคารพต่อกรรมสิทธิ์ในทรัพย์สินของ เอกชน การโอนกรรมสิทธิ์ในทรัพย์สินของเอกชนมาเป็นของ รัฐจะกระทำมิได้ เว้นแต่จำเป็นเพื่อการอันเป็นสาธารณูปโภค หรือการอันจำเป็นในการป้องกันประเทศโดยตรง หรือการได้ มาซึ่งทรัพยากรธรรมชาติ หรือประโยชน์ของรัฐอย่างอื่น และ ต้องชดใช้ค่าทดแทนอันเป็นธรรมให้แก่เจ้าของหรือผู้ทรงสิทธิ บรรดาที่ได้รับความเสียหายในการโอนกรรมสิทธิ์นั้น"" """
const_2495,2495,1952,Constitution 2495,,,0,บททั่วไป,30,"บุคคลย่อมมีเสรีภาพบริบูรณ์ในเคหสถาน บุคคลย่อมได้รับความคุ้มครองในการที่จะอยู่อาศัยและ ครอบครองเคหสถานโดยปกติสุข การเข้าไปในเคหสถานโดย ฉบับพิเศษ หน้า 13 ตอนที่ 15 เล่ม 69 ราชกิจจานุเบกษา 8 มีนาคม 2495 ปราศจากความยินยอมของผู้ครอบครองก็ดี การตรวจค้น เคหสถานก็ดี จะกระทำได้ก็แต่โดยอาศัยอำนาจตามบทบัญญัติ แห่งกฎหมาย"" """
const_2495,2495,1952,Constitution 2495,,,0,บททั่วไป,31,"บุคคลย่อมมีเสรีภาพบริบูรณ์ในการเลือกถิ่น ที่อยู่ภายในราชอาณาจักรและในการประกอบอาชีพ ทั้งนี้ภายใต้ บังคับแห่งบทกฎหมาย การเนรเทศบุคคลผู้มีสัญชาติไทยออกนอกราชอาณาจักร จะ กระทำมิได้ "" """
const_2495,2495,1952,Constitution 2495,,,0,บททั่วไป,32,"บุคคลคนเดียว หรือหลายคนร่วมกัน ย่อมมีสิทธิเสนอเรื่องราวร้องทุกข์ภายในเงื่อนไขและวิธีการที่ กฎหมายบัญญัติ"" """
const_2495,2495,1952,Constitution 2495,,,0,บททั่วไป,33,"สิทธิของบุคคลในครอบครัวย่อมได้รับความ คุ้มครอง"" """
const_2495,2495,1952,Constitution 2495,,,0,บททั่วไป,34,"สิทธิของบุคคลที่จะฟ้องหน่วยราชการซึ่ง เป็นนิติบุคคลให้รับผิดเพื่อการกระทำของเจ้าพนักงานในฐานะ เสมือนเป็นตัวการหรือนายจ้างย่อมได้รับความคุ้มครอง"" ฉบับพิเศษ หน้า 14 ตอนที่ 15 เล่ม 69 ราชกิจจานุเบกษา 8 มีนาคม 2495 """
const_2495,2495,1952,Constitution 2495,,,0,บททั่วไป,35,"บุคคลจะใช้สิทธิและเสรีภาพตามรัฐธรรมนูญ นี้ให้เป็นปฏิปักษ์ต่อชาติ ศาสนา พระมหากษัตริย์และ รัฐธรรมนูญมิได้"" """
const_2495,2495,1952,Constitution 2495,,,0,บททั่วไป,36,"บุคคลซึ่งเป็นทหาร ตำรวจ ข้าราชการ ประจำอื่น และพนักงานเทศบาลย่อมมีสิทธิและเสรีภาพตาม รัฐธรรมนูญเช่นเดียวกับประชาชนพลเมือง เว้นแต่ที่จำกัดใน กฎหมาย หรือกฎ หรือข้อบังคับที่ออกโดยอาศัยอำนาจ กฎหมาย เฉพาะในส่วนที่เกี่ยวกับการเมือง สมรรถภาพ หรือ วินัย"" """
const_2495,2495,1952,Constitution 2495,,,0,บททั่วไป,37,"บุคคลมีหน้าที่รักษาไว้ซึ่งการปกครองระบอบ ประชาธิปไตย อันมีพระมหากษัตริย์เป็นประมุข และมีหน้าที่ เคารพต่อกฎหมาย ป้องกันประเทศ ช่วยเหลือราชการโดยทาง เสียภาษีและอื่น ๆ ภายในเงื่อนไขและวิธีการที่กฎหมายบัญญัติ"""
const_2495,2495,1952,Constitution 2495,,,0,บททั่วไป,4,ให้เพิ่มความต่อไปนี้เป็น
const_2495,2495,1952,Constitution 2495,,,0,บททั่วไป,38,ถึง
const_2495,2495,1952,Constitution 2495,,,0,บททั่วไป,44,"ของรัฐธรรมนูญแห่งราชอาณาจักรไทย ฉบับ พุทธศักราช 2475 ตามลำดับ ฉบับพิเศษ หน้า 15 ตอนที่ 15 เล่ม 69 ราชกิจจานุเบกษา 8 มีนาคม 2495 """
const_2495,2495,1952,Constitution 2495,,,0,บททั่วไป,38,รัฐจะต้องรักษาไว้ซึ่งเอกราชและร่วมมือกับ กับนานาประเทศ เพื่อบำรุงสันติสุขของโลก
const_2495,2495,1952,Constitution 2495,,,0,บททั่วไป,39,รัฐต้องมีกำลังทหารไว้เพื่อรักษาเอกราชและ ประโยชน์แห่งประเทศชาติ
const_2495,2495,1952,Constitution 2495,,,0,บททั่วไป,40,รัฐจะต้องรักษาความสงบภายใน เพื่อยัง ผลให้ราษฎรประสบสันติสุข
const_2495,2495,1952,Constitution 2495,,,0,บททั่วไป,41,รัฐพึงสนับสนุนให้เอกชนได้มีการริเริ่มในทาง เศรษฐกิจ และประกอบกิจการอันมีลักษณะเป็นสาธารณูปโภค ให้ประสานกันกับการดำเนินกิจการทางเศรษฐกิจส่วนเอกชน
const_2495,2495,1952,Constitution 2495,,,0,บททั่วไป,42,รัฐพึงส่งเสริมและบำรุงการศึกษาอบรม การจัดระบบการศึกษาอบรมเป็นหน้าที่ของรัฐโดยเฉพาะ สถานศึกษาทั้งปวงย่อมอยู่ภายใต้การควบคุมดูแลของรัฐ การศึกษาขั้นอุดมศึกษา รัฐพึงจัดการให้สถานศึกษา ดำเนินกิจการของตนเองได้ภายในขอบเขตที่กฎหมายบัญญัติ ฉบับพิเศษ หน้า 16 ตอนที่ 15 เล่ม 69 ราชกิจจานุเบกษา 8 มีนาคม 2495
const_2495,2495,1952,Constitution 2495,,,0,บททั่วไป,43,รัฐพึงส่งเสริมการสาธารณสุข ตลอดถึงการ มารดาและทารกสงเคราะห์ การป้องกันและปราบโรคระบาด รัฐจะต้องกระทำให้แก่ ประชาชนโดยไม่คิดมูลค่า
const_2495,2495,1952,Constitution 2495,,,0,บททั่วไป,44,บทบัญญัติใน
const_2495,2495,1952,Constitution 2495,,,0,บททั่วไป,5,ความใน
const_2495,2495,1952,Constitution 2495,,,0,บททั่วไป,41,(3) ให้แก้เลข
const_2495,2495,1952,Constitution 2495,,,0,บททั่วไป,16,ถึง
const_2495,2495,1952,Constitution 2495,,,0,บททั่วไป,17,เป็นเลข
const_2495,2495,1952,Constitution 2495,,,0,บททั่วไป,45,ถึงเลข
const_2495,2495,1952,Constitution 2495,,,0,บททั่วไป,46,ตามลำดับ (4) ให้แก้เลข
const_2495,2495,1952,Constitution 2495,,,0,บททั่วไป,19,ถึง
const_2495,2495,1952,Constitution 2495,,,0,บททั่วไป,20,เป็นเลข
const_2495,2495,1952,Constitution 2495,,,0,บททั่วไป,48,ถึงเลข
const_2495,2495,1952,Constitution 2495,,,0,บททั่วไป,49,ตามลำดับ ฉบับพิเศษ หน้า 17 ตอนที่ 15 เล่ม 69 ราชกิจจานุเบกษา 8 มีนาคม 2495 (5) ให้แก้เลข
const_2495,2495,1952,Constitution 2495,,,0,บททั่วไป,22,ถึง
const_2495,2495,1952,Constitution 2495,,,0,บททั่วไป,32,เป็นเลข
const_2495,2495,1952,Constitution 2495,,,0,บททั่วไป,51,ถึง
const_2495,2495,1952,Constitution 2495,,,0,บททั่วไป,61,ตามลำดับ (6) ให้แก้เลข
const_2495,2495,1952,Constitution 2495,,,0,บททั่วไป,35,ถึง
const_2495,2495,1952,Constitution 2495,,,0,บททั่วไป,36,เป็นเลข
const_2495,2495,1952,Constitution 2495,,,0,บททั่วไป,65,ถึง
const_2495,2495,1952,Constitution 2495,,,0,บททั่วไป,66,ตามลำดับ (7) ให้แก้เลข
const_2495,2495,1952,Constitution 2495,,,0,บททั่วไป,37,เป็นเลข
const_2495,2495,1952,Constitution 2495,,,0,บททั่วไป,68,(8) ให้แก้เลข
const_2495,2495,1952,Constitution 2495,,,0,บททั่วไป,38,เป็นเลข
const_2495,2495,1952,Constitution 2495,,,0,บททั่วไป,71,(9) ให้แก้เลข
const_2495,2495,1952,Constitution 2495,,,0,บททั่วไป,40,เป็นเลข
const_2495,2495,1952,Constitution 2495,,,0,บททั่วไป,74,(10) ให้แก้เลข
const_2495,2495,1952,Constitution 2495,,,0,บททั่วไป,42,ถึง
const_2495,2495,1952,Constitution 2495,,,0,บททั่วไป,45,เป็นเลข
const_2495,2495,1952,Constitution 2495,,,0,บททั่วไป,77,ถึง
const_2495,2495,1952,Constitution 2495,,,0,บททั่วไป,80,ตามลำดับ (11) ให้เพิ่มมาตราตั้งต่อไปนี้เป็น
const_2495,2495,1952,Constitution 2495,,,0,บททั่วไป,62,ถึง
const_2495,2495,1952,Constitution 2495,,,0,บททั่วไป,69,ถึง
const_2495,2495,1952,Constitution 2495,,,0,บททั่วไป,72,ถึง
const_2495,2495,1952,Constitution 2495,,,0,บททั่วไป,75,ถึง
const_2495,2495,1952,Constitution 2495,,,0,บททั่วไป,76,""""
const_2495,2495,1952,Constitution 2495,,,0,บททั่วไป,47,"สมาชิกสภาผู้แทนราษฎรให้อยู่ในตำแหน่ง ได้คราวละห้าปี ถ้าตำแหน่งสมาชิกว่างลงเพราะเหตุอื่นนอก จากถึงคราวออกตามวาระ ให้เลือกตั้งสมาชิกขึ้นแทนให้เต็ม ตำแหน่งที่ว่างอยู่ แต่ถ้าสมาชิกที่เข้ามาแทนนั้น ให้อยู่ใน ตำแหน่งได้เพียงเท่ากำหนดเวลาของผู้ซึ่งตนแทน"" ฉบับพิเศษ หน้า 18 ตอนที่ 15 เล่ม 69 ราชกิจจานุเบกษา 8 มีนาคม 2495 """
const_2495,2495,1952,Constitution 2495,,,0,บททั่วไป,50,"สมาชิกภาพแห่งสภาผู้แทนราษฎรสิ้นสุดลง เมื่อ (1) ถึงคราวออกตามวาระ หรือยุบสภา (2) ตาย (3) ลาออก (4) ขาดคุณสมบัติหรือมีลักษณะต้องห้ามสำหรับผู้สมัครรับเลือกตั้ง ตามที่บัญญัติไว้ในกฎหมายว่าด้วยการเลือกตั้งสมาชิกสภาผู้แทนราษฎร (5) สภาผู้แทนราษฎรวินิจฉัยให้ออกจากตำแหน่ง โดยเห็นว่ามีความประพฤติในทางจะนำมาซึ่งความเสื่อมเสียแก่สภา มติในข้อนี้ต้องมีเสียงไม่ต่ำกว่าสองในสามของจำนวนสมาชิกที่มาประชุม การวินิจฉัยชี้ขาดตาม (4) ให้ศาลฎีกาวินิจฉัยตามวิธีการที่กฎหมายกำหนด - แต่การชี้ขาดของศาลฎีกาย่อมไม่กระทบกระเทือนการที่สมาชิกนั้นได้ปฏิบัติหน้าที่ในสภาก่อนที่มีการชี้ขาด"" """
const_2495,2495,1952,Constitution 2495,,,0,บททั่วไป,62,"ในระหว่างสมัยประชุม ห้ามมิให้จับ หรือคุมขัง หรือหมายเรียกดังสมาชิกสภาผู้แทนราษฎรไปทำการ ฉบับพิเศษ หน้า 19 ตอนที่ 15 เล่ม 69 ราชกิจจานุเบกษา 8 มีนาคม 2495 สอบสวนในฐานะที่สมาชิกผู้นั้นเป็นผู้ต้องหาในคดีอาญา เว้นแต่ ในกรณีที่ได้รับอนุญาตจากสภา หรือในกรณีที่จับในขณะกระทำ ความผิด ในกรณีที่มีการจับสมาชิกในขณะกระทำความผิด ให้ราย งานไปยังประธานสภาโดยด่วน และประธานสภาอาจสั่งปล่อย ผู้ถูกจับให้พ้นจากการคุมขังได้"" """
const_2495,2495,1952,Constitution 2495,,,0,บททั่วไป,63,"ในกรณีที่มีการฟ้องสมาชิกสภาผู้แทนราษฎร ในคดีอาญา ไม่ว่าจะได้ฟ้องนอกหรือในสมัยประชุม ศาลจะ พิจารณาคดีนั้นในระหว่างสมัยประชุมมิได้ เว้นแต่จะได้รับ อนุญาตจากสภา แต่กระนั้น การพิจารณาคดีก็ต้องไม่เป็นการ ขัดขวางต่อการที่สมาชิกผู้นั้นจะมาเข้าประชุมสภา การพิจารณาที่ศาลได้กระทำไปก่อนมีคำอ้างว่าจำเลยเป็น สมาชิก ย่อมเป็นอันใช้ได้"" """
const_2495,2495,1952,Constitution 2495,,,0,บททั่วไป,64,"ถ้าสมาชิกสภาผู้แทนราษฎรถูกคุมขังใน ระหว่างสอบสวน หรือพิจารณาอยู่ก่อนสมัยประชุม เมื่อถึง สมัยประชุม พนักงานสอบสวนหรือศาลแล้วแต่กรณี ต้อง สั่งปล่อยทันที ถ้าหากสภาได้ร้องขอ ฉบับพิเศษ หน้า 20 ตอนที่ 15 เล่ม 69 ราชกิจจานุเบกษา 8 มีนาคม 2495 คำสั่งปล่อยตามความในวรรคก่อน ให้มีผลบังคับตั้งแต่วันสั่งปล่อยจนถึงวันสุดท้ายแห่งสมัยประชุม"" """
const_2495,2495,1952,Constitution 2495,,,0,บททั่วไป,67,"การตราพระราชบัญญัติขึ้นเป็นกฎหมายให้มีผลยังแหล่งเป็นการลงโทษบุคคลในทางอาญา หรือลงโทษบุคคลหนักขึ้นกว่าโทษที่กำหนดไว้ในกฎหมายที่ใช้อยู่ในเวลากกระทำความผิด จะกระทำมิได้"" """
const_2495,2495,1952,Constitution 2495,,,0,บททั่วไป,69,"การจ่ายเงินแผ่นดิน จะกระทำได้ก็เฉพาะที่ได้อนุญาตไว้ในกฎหมายว่าด้วยงบประมาณ เว้นแต่ในกรณีจำเป็นรีบด่วนจะจ่ายไปก่อนก็ได้ แต่ต้องเป็นไปตามหลักเกณฑ์และวิธีการที่กฎหมายบัญญัติ ในกรณีเช่นว่านี้ ต้องขออนุมัติจากสภาผู้แทนราษฎรในโอกาสแรกที่พึงกระทำได้ คำอนุมัติของสภาให้ทำเป็นพระราชบัญญัติเฉพาะเรื่อง หรือรวมลงไว้ในพระราชบัญญัติโอนเงินในงบประมาณ หรือพระราชบัญญัติงบประมาณเพิ่มเติม หรือพระราชบัญญัติงบประมาณประจำปีถัดไป"" """
const_2495,2495,1952,Constitution 2495,,,0,บททั่วไป,70,"ในกรณีพิเศษซึ่งสมควรจะมีแผนการณ์ต่อเนื่องกัน อันเป็นราชการแผ่นดินเกี่ยวกับสาธารณูปโภค และ ฉบับพิเศษ หน้า 21 ตอนที่ 15 เล่ม 69 ราชกิจจานุเบกษา 8 มีนาคม 2495 จำต้องจ่ายเงินแผ่นดินเป็นระยะเวลานานกว่าปีหนึ่ง จะตรา พระราชบัญญัติขึ้นให้มีผลผูกมัดงบประมาณประจำปีก็ได้ แต่ ระยะเวลาดั่งกล่าวต้องไม่เกินห้าปี"" """
const_2495,2495,1952,Constitution 2495,,,0,บททั่วไป,72,"ร่างพระราชบัญญัติใด พระมหากษัตริย์ ไม่ทรงเห็นชอบด้วย และพระราชทานคืนมายังสภาผู้แทน ราษฎร หรือมิได้พระราชทานคืนภายในหกสิบวัน สภา จะต้องปรึกษาร่างพระราชบัญญัตินั้นใหม่ ถ้าสภาลงมติยืนยัน ตามเดิมด้วยคะแนนเสียงเกินกว่ากึ่งของจำนวนสมาชิกทั้งหมด ของสภาแล้ว ให้นายกรัฐมนตรีนำร่างพระราชบัญญัตินั้นขึ้น ทูลเกล้าฯ ถวายอีกครั้งหนึ่ง เมื่อพระมหากษัตริย์มิได้ทรงลง พระปรมาภิไธยพระราชทานลงมาภายในสามสิบวัน ก็ให้นำ พระราชบัญญัตินั้นประกาศในราชกิจจานุเบกษาใช้บังคับเป็น กฎหมายได้ เสมือนหนึ่งว่าพระมหากษัตริย์ได้ทรงลงพระปรมา ภิไธยแล้ว"" """
const_2495,2495,1952,Constitution 2495,,,0,บททั่วไป,73,"ร่างพระราชบัญญัติจะเสนอได้ก็แต่โดยคณะ รัฐมนตรี หรือสมาชิกสภาผู้แทนราษฎร แต่ร่างพระราชบัญญัติ เกี่ยวด้วยการเงิน สมาชิกจะเสนอได้ก็ต่อเมื่อมีคำรับรองของ นายกรัฐมนตรี ฉบับพิเศษ หน้า 22 ตอนที่ 15 เล่ม 69 ราชกิจจานุเบกษา 8 มีนาคม 2495 ร่างพระราชบัญญัติเกี่ยวด้วยการเงิน หมายความถึงร่าง พระราชบัญญัติว่าด้วยข้อความต่อไปนี้ทั้งหมด หรือแต่ข้อใด ข้อหนึ่ง กล่าวคือ การตั้งขึ้นหรือยกเลิกหรือลดหรือเปลี่ยนแปลง แก้ไขหรือผ่อนหรือวางระเบียบการบังคับอันเกี่ยวกับภาษีหรือ อากร การจัดสรรหรือรับหรือรักษาหรือจ่ายเงินแผ่นดิน หรือ การกู้เงิน หรือการค้ำประกัน หรือการใช้เงินกู้ หรือร่าง พระราชบัญญัติว่าด้วยเงินตรา ในกรณีเป็นที่สงสัย ให้เป็นอำนาจของประธานสภาที่จะ วินิจฉัยว่า ร่างพระราชบัญญัติใดเป็นร่างพระราชบัญญัติเกี่ยว ด้วยการเงินหรือไม่"" """
const_2495,2495,1952,Constitution 2495,,,0,บททั่วไป,75,"สมาชิกสภาผู้แทนราษฎรไม่ต่ำกว่าหนึ่งในห้า ของจำนวนสมาชิกทั้งหมด มีสิทธิเข้าชื่อเสนอญัตติขอให้เปิด อภิปรายทั่วไปในสภา เพื่อให้คณะรัฐมนตรีแถลงข้อเท็จจริง หรือแสดงความคิดเห็นในปัญหาเกี่ยวกับการบริหารราชการ แผ่นดิน ญัตติตั้งกล่าวในวรรคก่อน ให้ยื่นต่อประธานสภา และให้ ประธานสภาแจ้งไปยังนายกรัฐมนตรี เพื่อกำหนดเวลาสำหรับ การเปิดอภิปรายทั่วไป ซึ่งต้องไม่ช้ากว่าสามสิบวันนับแต่วันที่ ฉบับพิเศษ หน้า 23 ตอนที่ 15 เล่ม 69 ราชกิจจานุเบกษา 8 มีนาคม 2495 นายกรัฐมนตรีได้รับแจ้ง แต่คณะรัฐมนตรีย่อมมีสิทธิที่จะขอให้ระงับการเปิดอภิปรายทั่วไปน้ำเสียได้ เมื่อเห็นว่าเป็นเรื่องที่ยังไม่ควรเปิดเผย เพราะเกี่ยวกับความปลอดภัยหรือประโยชน์สำคัญของแผ่นดิน ในการเปิดอภิปรายทั่วไปตามมาตรานี้ สภาจะลงมติในปัญหาที่อภิปรายนี้ได้"" """
const_2495,2495,1952,Constitution 2495,,,0,บททั่วไป,76,"สมาชิกสภาผู้แทนราษฎรไม่ต่ำกว่าหนึ่งในสามของจำนวนสมาชิกทั้งหมด มีสิทธิเข้าชื่อเสนอญัตติขอเปิดอภิปรายทั่วไปเพื่อลงมติไม่ไว้วางใจรัฐมนตรีเป็นรายตัวหรือทั้งคณะ เมื่อการเปิดอภิปรายทั่วไปในสภาสิ้นสุดลง โดยมิใช่ด้วยมติให้ผ่านระเบียบวาระเปิดอภิปรายนั้นไป ให้สภาผู้แทนราษฎรลงมติไว้วางใจหรือไม่ไว้วางใจ แต่การลงมติในกรณีเช่นนี้ มิให้กระทำในวันเดียวกันกับวันที่การอภิปรายสิ้นสุด"""
const_2495,2495,1952,Constitution 2495,,,0,บททั่วไป,6,ความใน
const_2495,2495,1952,Constitution 2495,,,0,บททั่วไป,46,ถึง
const_2495,2495,1952,Constitution 2495,,,0,บททั่วไป,51,ถึง
const_2495,2495,1952,Constitution 2495,,,0,บททั่วไป,57,(3) ให้แก้เลข
const_2495,2495,1952,Constitution 2495,,,0,บททั่วไป,48,ถึง
const_2495,2495,1952,Constitution 2495,,,0,บททั่วไป,50,เป็นเลข
const_2495,2495,1952,Constitution 2495,,,0,บททั่วไป,82,ถึงเลข
const_2495,2495,1952,Constitution 2495,,,0,บททั่วไป,84,ตามลำดับ (4) ให้แก้เลข
const_2495,2495,1952,Constitution 2495,,,0,บททั่วไป,55,เป็นเลข
const_2495,2495,1952,Constitution 2495,,,0,บททั่วไป,93,(5) ให้แก้เลข
const_2495,2495,1952,Constitution 2495,,,0,บททั่วไป,56,เป็นเลข
const_2495,2495,1952,Constitution 2495,,,0,บททั่วไป,94,(6) ให้เพิ่มมาตราดั่งต่อไปนี้เป็น
const_2495,2495,1952,Constitution 2495,,,0,บททั่วไป,85,ถึง
const_2495,2495,1952,Constitution 2495,,,0,บททั่วไป,96,ถึง
const_2495,2495,1952,Constitution 2495,,,0,บททั่วไป,98,""""
const_2495,2495,1952,Constitution 2495,,,0,บททั่วไป,81,"พระมหากษัตริย์ทรงตั้งคณะรัฐมนตรีขึ้นคณะ หนึ่ง ประกอบด้วยนายกรัฐมนตรีนายหนึ่ง และรัฐมนตรีอีก อย่างน้อยสิบสี่นาย อย่างมากยี่สิบแปดนาย ในการตั้งนายกรัฐมนตรี ประธานสภาผู้แทนราษฎรเป็นผู้ ลงนามรับสนองพระบรมราชโองการ ให้คณะรัฐมนตรีมีหน้าที่บริหารราชการแผ่นดิน"" ฉบับพิเศษ หน้า 25 ตอนที่ 15 เล่ม 69 ราชกิจจานุเบกษา 8 มีนาคม 2495 """
const_2495,2495,1952,Constitution 2495,,,0,บททั่วไป,85,"ถ้ามีปัญหาเกี่ยวกับราชการแผ่นดินที่คณะรัฐมนตรีเห็นสมควรจะฟังความคิดเห็นของสมาชิกสภาผู้แทนราษฎร นายกรัฐมนตรีจะแจ้งไปยังประธานสภาขอให้เปิดอภิปรายทั่วไปในที่ประชุมของสภาก็ได้ ในกรณีเช่นว่านี้ สภาจะลงมติในปัญหาที่เปิดอภิปรายมิได้"" """
const_2495,2495,1952,Constitution 2495,,,0,บททั่วไป,86,"ในระหว่างเวลาบริหารราชการแผ่นดิน ภายหลังที่ได้รับความไว้วางใจจากสภาผู้แทนราษฎรแล้ว ถ้ามีพฤติการณ์ที่คณะรัฐมนตรีเห็นสมควร คณะรัฐมนตรีจะขอให้สภายืนยันความไว้วางใจอีกก็ได้"" """
const_2495,2495,1952,Constitution 2495,,,0,บททั่วไป,87,"รัฐมนตรีทั้งคณะต้องออกจากตำแหน่งเมื่อสภาผู้แทนราษฎรลงมติไม่ไว้วางใจในคณะ หรือเมื่อสภาผู้แทนราษฎรชุดที่ให้ความไว้วางใจแก่คณะรัฐมนตรีในขณะเข้ารับหน้าที่นั้นสิ้นสุดลง หรือเมื่อความเป็นรัฐมนตรีของนายกรัฐมนตรีสิ้นสุดลง ในกรณีทั้งสามนี้ คณะรัฐมนตรีที่ออกนั้นต้องอยู่ในตำแหน่งเพื่อดำเนินการไปจนกว่าคณะรัฐมนตรีที่ตั้งขึ้นใหม่จะเข้ารับหน้าที่"" ฉบับพิเศษ หน้า 26 ตอนที่ 15 เล่ม 69 ราชกิจจานุเบกษา 8 มีนาคม 2495 นอกจากนี้ความเป็นรัฐมนตรีจะสิ้นสุดลงเฉพาะวัดโดย (1) ตาย (2) ลาออก (3) ขาดคุณสมบัติหรือมีลักษณะต้องห้ามสำหรับผู้สมัครรับเลือกตั้งตามที่บัญญัติไว้ในกฎหมายว่าด้วยการเลือกตั้งสมาชิกสภาผู้แทนราษฎร (4) สภาผู้แทนราษฎรลงมติไม่ไว้วางใจ"" """
const_2495,2495,1952,Constitution 2495,,,0,บททั่วไป,88,"ในเหตุฉุกเฉินที่มีความจำเป็นรีบด่วนในอันจะรักษาความปลอดภัยสาธารณหรือป้องปัดภัยพิบัติสาธารณ และจะเรียกประชุมสภาผู้แทนราษฎรให้ทันท่วงทีมิได้ก็ดี เมื่อกรณีเช่นว่านั้นเกิดขึ้นในระหว่างสภาถูกยุบก็ดี พระมหากษัตริย์จะทรงตราพระราชกำหนดให้ใช้บังคับดั่งเช่นพระราชบัญญัติก็ได้ ในการประชุมสภาคราวต่อไป ให้เสนอพระราชกำหนดนั้นต่อสภาโดยไม่ชักช้า ถ้าสภาอนุมัติแล้ว พระราชกำหนดนั้นก็ให้มีผลเป็นพระราชบัญญัติต่อไป ถ้าสภาไม่อนุมัติพระราชกำหนดนั้นก็เป็นอันตกไป แต่ทั้งนี้ไม่กระทบกระทั่งกิจการที่ได้เป็นไปในระหว่างที่ใช้พระราชกำหนดนั้น ฉบับพิเศษ หน้า 27 ตอนที่ 15 เล่ม 69 ราชกิจจานุเบกษา 8 มีนาคม 2495 คำอนุมัติและไม่อนุมัติ ให้ทำเป็นพระราชบัญญัติ"" """
const_2495,2495,1952,Constitution 2495,,,0,บททั่วไป,89,ในระหว่างสมัยประชุม ถ้ามีความจำเป็นต้อง มีกฎหมายเกี่ยวด้วยการภาษีอากรหรือเงินตรา ซึ่งจะต้องได้ รับการพิจารณาโดยด่วนและลับ เพื่อรักษาประโยชน์ของแผ่นดิน พระมหากษัตริย์จะทรงตราพระราชกำหนดให้ใช้บังคับ ดั่งเช่น พระราชบัญญัติก็ได้ พระราชกำหนดที่ได้ตราขึ้นตามความในวรรคก่อน จะต้อง นำเสนอต่อสภาผู้แทนราษฎรภายในสองวันนับแต่วันถัดจาก วันประกาศในราชกิจจานุเบกษา และให้นำบทบัญญัติ
const_2495,2495,1952,Constitution 2495,,,0,บททั่วไป,88,"วรรคสองและวรรคสามมาใช้บังคับโดยอนุโลม"" """
const_2495,2495,1952,Constitution 2495,,,0,บททั่วไป,90,"พระมหากษัตริย์ทรงไว้ซึ่งพระราชอำนาจในการ ประกาศใช้กฎอัยการศึก ตามลักษณะและวิธีการตามกฎหมาย ว่าด้วยกฎอัยการศึก ในกรณีที่มีความจำเป็นต้องประกาศใช้กฎอัยการศึกเฉพาะ แห่งเป็นการรีบด่วน เจ้าหน้าที่ฝ่ายทหารย่อมกระทำได้ตาม กฎหมายว่าด้วยกฎอัยการศึก"" ฉบับพิเศษ หน้า 28 ตอนที่ 15 เล่ม 69 ราชกิจจานุเบกษา 8 มีนาคม 2495 """
const_2495,2495,1952,Constitution 2495,,,0,บททั่วไป,91,"พระมหากษัตริย์ทรงไว้ซึ่งพระราชอำนาจในการประกาศสงครามเมื่อได้รับความเห็นชอบของสภาผู้แทนราษฎรแล้ว และไม่เป็นการขัดกับกฎบัตรขององค์การสหประชาชาติ มติให้คว่ามยินยอมของสภาผู้แทนราษฎรต้องมีเสียงไม่ต่ำกว่าสองในสามของจำนวนสมาชิกทั้งหมด"" """
const_2495,2495,1952,Constitution 2495,,,0,บททั่วไป,92,"พระมหากษัตริย์ทรงไว้ซึ่งพระราชอำนาจในการทำหนังสือสัญญาสันติภาพสงบศึก และทำหนังสือสัญญาอื่นกับนานาประเทศ หนังสือสัญญาใดมีบทเปลี่ยนแปลงอาณาเขตไทย หรือจะต้องออกพระราชบัญญัติเพื่อให้การเป็นไปตามสัญญา ต้องได้รับความเห็นชอบของสภาผู้แทนราษฎร"" """
const_2495,2495,1952,Constitution 2495,,,0,บททั่วไป,94,"พระมหากษัตริย์ทรงไว้ซึ่งพระราชอำนาจในการถอดถอนฐานันดรศักดิ์ และเรียกคืนเครื่องราชอิสริยาภรณ์"" """
const_2495,2495,1952,Constitution 2495,,,0,บททั่วไป,96,"พระมหากษัตริย์ทรงแต่งตั้งและถอดถอนข้าราชการฝ่ายทหารและฝ่ายพลเรือนตำแหน่งปลัดกระทรวง อธิบดี และเทียบเท่า "" ฉบับพิเศษ หน้า 29 ตอนที่ 15 เล่ม 69 ราชกิจจานุเบกษา 8 มีนาคม 2495 """
const_2495,2495,1952,Constitution 2495,,,0,บททั่วไป,97,"การกำหนดคุณสมบัติ การบรรจุ การแต่งตั้ง การถอดถอน และการลงโทษข้าราชการ ให้เป็นไปตามบทบัญญัติแห่งกฎหมาย"" """
const_2495,2495,1952,Constitution 2495,,,0,บททั่วไป,98,ภายใต้บังคับ
const_2495,2495,1952,Constitution 2495,,,0,บททั่วไป,61,และ
const_2495,2495,1952,Constitution 2495,,,0,บททั่วไป,81,"บทกฎหมาย พระราชหัตถเลขา และพระบรมราชโองการใด ๆ อันเกี่ยวกับราชการแผ่นดิน ต้องมีรัฐมนตรีลงนามรับสนองพระบรมราชโองการ"""
const_2495,2495,1952,Constitution 2495,,,0,บททั่วไป,7,ความใน
const_2495,2495,1952,Constitution 2495,,,0,บททั่วไป,58,ถึงเลข
const_2495,2495,1952,Constitution 2495,,,0,บททั่วไป,59,เป็นเลข
const_2495,2495,1952,Constitution 2495,,,0,บททั่วไป,99,ถึงเลข
const_2495,2495,1952,Constitution 2495,,,0,บททั่วไป,100,ตามลำดับ (3) ให้แก้เลข
const_2495,2495,1952,Constitution 2495,,,0,บททั่วไป,60,เป็นเลข
const_2495,2495,1952,Constitution 2495,,,0,บททั่วไป,103,(4) ให้เพิ่มมาตราดังต่อไปนี้เป็น
const_2495,2495,1952,Constitution 2495,,,0,บททั่วไป,105,"ฉบับพิเศษ หน้า 30 ตอนที่ 15 เล่ม 69 ราชกิจจานุเบกษา 8 มีนาคม 2495 """
const_2495,2495,1952,Constitution 2495,,,0,บททั่วไป,101,"การตั้งศาลขึ้นใหม่เพื่อพิจารณาพิพากษาคดีใดคดีหนึ่ง หรือที่มีข้อหาฐานใดฐานหนึ่งโดยเฉพาะแทนศาลธรรมดาที่มีอยู่ตามกฎหมายสำหรับพิจารณาพิพากษาคดีนั้น จะกระทำมิได้"" """
const_2495,2495,1952,Constitution 2495,,,0,บททั่วไป,102,"การบัญญัติกฎหมายให้มีผลเป็นการเปลี่ยนแปลง หรือแก้ไขเพิ่มเติมกฎหมายว่าด้วยธรรมนูญศาล หรือวิธีพิจารณา เพื่อใช้แก่คดีใดคดีหนึ่งโดยเฉพาะ จะกระทำมิได้"" """
const_2495,2495,1952,Constitution 2495,,,0,บททั่วไป,104,"พระมหากษัตริย์ทรงแต่งตั้ง ย้าย และถอดถอนผู้พิพากษา"" """
const_2495,2495,1952,Constitution 2495,,,0,บททั่วไป,105,"การแต่งตั้ง การย้าย และการถอดถอนผู้พิพากษา จะต้องได้รับความเห็นชอบของคณะกรรมการตุลาการ ตามกฎหมายว่าด้วยระเบียบข้าราชการฝ่ายตุลาการก่อนแล้วจึงนำความกราบบังคมทูล การเลื่อนตำแหน่ง และการเลื่อนเงินเดือนผู้พิพากษา จะต้องได้รับความเห็นชอบของคณะกรรมการตุลาการ ตามกฎหมายว่าด้วยระเบียบข้าราชการฝ่ายตุลาการ"" ฉบับพิเศษ หน้า 31 ตอนที่ 15 เล่ม 69 ราชกิจจานุเบกษา 8 มีนาคม 2495"
const_2495,2495,1952,Constitution 2495,,,0,บททั่วไป,8,ให้เพิ่มความต่อไปนี้เป็น
const_2495,2495,1952,Constitution 2495,,,0,บททั่วไป,106,ถึง
const_2495,2495,1952,Constitution 2495,,,0,บททั่วไป,110,"ของรัฐธรรมนูญแห่งราชอาณาจักรไทย ฉบับพุทธศักราช 2475 """
const_2495,2495,1952,Constitution 2495,,,0,บททั่วไป,106,คณะตุลาการรัฐธรรมนูญประกอบด้วย ประธานศาลฎีกา อธิบดีผู้พิพากษาศาลอุทธรณ์ อธิบดีกรม อัยการ และบุคคลอื่นอีกสามคนซึ่งสภาผู้แทนราษฎรแต่งตั้ง จากผู้ทรงคุณวุฒิ ประธานศาลฎีกาเป็นประธานตุลาการรัฐธรรมนูญ
const_2495,2495,1952,Constitution 2495,,,0,บททั่วไป,107,คณะตุลาการรัฐธรรมนูญมีหน้าที่ตามที่บัญญัติ ในรัฐธรรมนูญนี้ วิธีการพิจารณาของคณะตุลาการรัฐธรรมนูญ ให้เป็นไปตาม กฎหมายว่าด้วยการนั้น
const_2495,2495,1952,Constitution 2495,,,0,บททั่วไป,108,ทุกครั้งที่มีการเลือกตั้งทั่วไป ให้สภาผู้แทน ราษฎรแต่งตั้งตุลาการรัฐธรรมนูญจากผู้ทรงคุณวุฒิใหม่ ภายใน สามสิบวันนับแต่วันเปิดสมัยประชุมสภาครั้งแรก ฉบับพิเศษ หน้า 32 ตอนที่ 15 เล่ม 69 ราชกิจจานุเบกษา 8 มีนาคม 2495 กำหนดวันดั่งกล่าวในวรรคก่อน ให้หมายถึงวันในสมัยประชุม ในการแต่งตั้งตุลาการรัฐธรรมนูญตามความในวรรคแรก สภาจะแต่งตั้งผู้ที่พ้นจากตำแหน่งให้เป็นตุลาการรัฐธรรมนูญใหม่อีกได้
const_2495,2495,1952,Constitution 2495,,,0,บททั่วไป,109,ตุลาการรัฐธรรมนูญซึ่งสภาผู้แทนราษฎรแต่งตั้งพ้นจากตำแหน่ง เมื่อ (1) เปิดสมัยประชุมสภาผู้แทนราษฎรครั้งแรกหลังจากการเลือกตั้งทั่วไป (2) ตาย (3) ลาออก (4) ขาดคุณสมบัติ หรือมีลักษณะต้องห้ามสำหรับผู้สมัครรับเลือกตั้ง ตามที่บัญญัติไว้ในกฎหมายว่าด้วยการเลือกตั้งสมาชิกสภาผู้แทนราษฎร (5) ต้องคำพิพากษาโทษจำคุก
const_2495,2495,1952,Constitution 2495,,,0,บททั่วไป,110,"ถ้าตำแหน่งตุลาการรัฐธรรมนูญ ซึ่งสภาผู้แทนราษฎรแต่งตั้งว่างลงเพราะเหตุอื่นใด นอกจากถึงคราวออกเมื่อเปิดสมัยประชุมสภาครั้งแรกหลังจากการเลือกตั้งทั่วไป ฉบับพิเศษ หน้า 33 ตอนที่ 15 เล่ม 29 ราชกิจจานุเบกษา 8 มีนาคม 2495 ให้สภาแต่งตั้งตุลาการรัฐธรรมนูญเข้ามาแทนภายในกำหนดเวลาสามสิบวัน กำหนดวันดังกล่าวในวรรคก่อน ให้หมายถึงวันในสมัยประชุม"""
const_2495,2495,1952,Constitution 2495,,,0,บททั่วไป,9,ให้ยกเลิกความใน
const_2495,2495,1952,Constitution 2495,,,0,บททั่วไป,111,""""
const_2495,2495,1952,Constitution 2495,,,0,บททั่วไป,111,รัฐธรรมนูญนี้จะแก้ไขเพิ่มเติมได้ ก็แต่โดยเงื่อนไขดังต่อไปนี้ (1) ญัตติขอแก้ไขเพิ่มเติมต้องมาจากคณะรัฐมนตรีหรือจากสมาชิกสภาผู้แทนราษฎร ไม่ต่ำกว่าหนึ่งในสี่ของจำนวนสมาชิกทั้งหมด (2) ญัตติขอแก้ไขเพิ่มเติมรัฐธรรมนูญนี้ ให้สภาผู้แทนราษฎรพิจารณาเป็นสาระ ฉบับพิเศษ หน้า 34 ตอนที่ 15 เล่ม 69 ราชกิจจานุเบกษา 8 มีนาคม 2495 (3) การออกเสียงลงคะแนนในวาระที่หนึ่งชั้นรับหลักการ ให้ใช้วิธีเรียกชื่อ และต้องมีเสียงเห็นชอบด้วยในการแก้ไขเพิ่มเติมนั้นไม่ต่ำกว่าสองในสามของจำนวนสมาชิกทั้งหมด (4) การออกเสียงลงคะแนนในวาระที่สองชั้นพิจารณาเรียงลำดับมาตรา ให้ถือเอาเสียงข้างมากเป็นประมาณ (5) เมื่อการพิจารณาวาระที่สองเสร็จสิ้นแล้ว ให้รอไว้สิบห้าวัน เมื่อพ้นกำหนดนี้แล้ว ให้สภาผู้แทนราษฎรพิจารณาในวาระที่สามต่อไป (6) การออกเสียงลงคะแนนในวาระที่สามชั้นสุดท้าย ให้ใช้วิธีเรียกชื่อ และต้องมีเสียงเห็นชอบด้วยในการที่จะให้ออกใช้เป็นรัฐธรรมนูญไม่ต่ำกว่าสองในสามของจำนวนสมาชิกทั้งหมด (7) เมื่อการออกเสียงลงมติได้เป็นไปตามที่กล่าวข้างบนนี้แล้ว ให้นำขึ้นพูลเกล้า ฯ ถวาย และให้นำบทบัญญัติ
const_2495,2495,1952,Constitution 2495,,,0,บททั่วไป,71,และ
const_2495,2495,1952,Constitution 2495,,,0,บททั่วไป,72,"มาใช้บังคับโดยอนุโลม"" ฉบับพิเศษ หน้า 35 ตอนที่ 15 เล่ม 69 ราชกิจจานุเบกษา 8 มีนาคม 2495"
const_2495,2495,1952,Constitution 2495,,,0,บททั่วไป,10,ให้ยกเลิกความใน
const_2495,2495,1952,Constitution 2495,,,0,บททั่วไป,112,ถึง
const_2495,2495,1952,Constitution 2495,,,0,บททั่วไป,123,""""
const_2495,2495,1952,Constitution 2495,,,0,บททั่วไป,112,ภายใต้บังคับ
const_2495,2495,1952,Constitution 2495,,,0,บททั่วไป,114,ถ้ามีปัญหาการตีความรัฐธรรมนูญอันอยู่ในวงงานของสภาผู้แทนราษฎร ให้เป็นอำนาจของสภาที่จะตีความ และให้ถือว่าการตีความของสภาเป็นเด็ดขาด ในการตีความรัฐธรรมนูญตามความในวรรคก่อน ต้องมีสมาชิกประชุมไม่ต่ำกว่ากึ่งจำนวนสมาชิกทั้งหมด จึงจะเป็นองค์ประชุม
const_2495,2495,1952,Constitution 2495,,,0,บททั่วไป,113,บทบัญญัติแห่งกฎหมายใดมีข้อความแย้งหรือขัดต่อรัฐธรรมนูญนี้ บทบัญญัตินั้นเป็นอันใช้บังคับมิได้
const_2495,2495,1952,Constitution 2495,,,0,บททั่วไป,114,ในการที่ศาลจะใช้บทบัญญัติแห่งกฎหมายบังคับแก่คดีใด ถ้าศาลเห็นว่าบทบัญญัติแห่งกฎหมายนั้นต้อง ฉบับพิเศษ หน้า 36 ตอนที่ 15 เล่ม 69 ราชกิจจานุเบกษา 8 มีนาคม 2495 ด้วยบทบัญญัติ
const_2495,2495,1952,Constitution 2495,,,0,บททั่วไป,113,ก็ให้ศาลรอการพิจารณาพิพากษา คดีไว้ชั่วคราว แล้วส่งความเห็นเช่นว่านั้นตามทางการ เพื่อ คณะตุลาการรัฐธรรมนูญจะได้พิจารณาวินิจฉัย คำวินิจฉัยของคณะตุลาการรัฐธรรมนูญให้ถือเป็นเด็ดขาด และให้ใช้ได้ในคดีทั้งปวง แต่ไม่กระทบกระทั่งคำพิพากษา ของศาลอันถึงที่สุดแล้ว คำวินิจฉัยของคณะตุลาการรัฐธรรมนูญ ให้ประกาศใน ราชกิจจานุเบกษา **
const_2495,2495,1952,Constitution 2495,,,0,บททั่วไป,115,ภายใต้บังคับ
const_2495,2495,1952,Constitution 2495,,,0,บททั่วไป,116,ในวาระเริ่มแรก ภายในระยะเวลาสิบปี นับแต่วันใช้บังคับรัฐธรรมนูญนี้ ให้ สภาผู้แทนราษฎรประกอบด้วยสมาชิก 2 ประเภท มีจำนวน เท่ากัน (1) สมาชิกประเภทที่ 1 ได้แก่ผู้ซึ่งราษฎรเลือกตั้งตาม บทบัญญัติ
const_2495,2495,1952,Constitution 2495,,,0,บททั่วไป,45,และ
const_2495,2495,1952,Constitution 2495,,,0,บททั่วไป,46,(2) สมาชิกประเภทที่ 2 ได้แก่ผู้ซึ่งพระมหากษัตริย์ ได้ทรงพระกรุณาโปรดเกล้า ฯ แต่งตั้งขึ้นไว้แล้ว ในวันที่ใช้บังคับรัฐธรรมนูญนี้ ฉบับพิเศษ หน้า 37 ตอนที่ 15 เล่ม 69 ราชกิจจานุเบกษา 8 มีนาคม 246 ในระหว่างที่สมาชิกประเภทที่ 1 ยังไม่ได้เข้ารับหน้าที่ ให้สภาผู้แทนราษฎรประกอบด้วยสมาชิกประเภทที่ 2 ไปพลาง ก่อน
const_2495,2495,1952,Constitution 2495,,,0,บททั่วไป,116,เมื่อได้ใช้บังคับรัฐธรรมนูญนี้ไปแล้วห้าปี ถ้าผู้มีสิทธิเลือกตั้งในจังหวัดใดได้รับการศึกษาอบรมจบชั้น ประถมศึกษาตามหลักสูตรของกระทรวงศึกษาธิการ เป็น จำนวนเกินกึ่งหนึ่งของผู้มีสิทธิเลือกตั้งทั้งหมดในจังหวัดนั้น ก็ ให้สมาชิกประเภทที่ 2 ออกจากตำแหน่งมีจำนวนเท่าจำนวน สมาชิกสภาผู้แทนราษฎรที่มีการเลือกตั้งในจังหวัดนั้น หลัก เกณฑ์และวิธีการออกจากตำแหน่งให้เป็นไปตามข้อบังคับซึ่ง สภาผู้แทนราษฎรจะได้ตราขึ้น ในระหว่างที่มีสมาชิกประเภทที่ 2 ตามมาตรานี้ ถ้า ตำแหน่งสมาชิกประเภทที่ 2 ว่างลง โดยมิใช่โดยการออก ตามความในวรรคแรก พระมหากษัตริย์จะได้ทรงแต่งตั้งบุคคล ที่มีคุณสมบัติ และไม่มีลักษณะต้องห้ามสำหรับผู้สมัครรับเลือก ตั้งเป็นสมาชิกสภาผู้แทนราษฎร ให้เป็นสมาชิกประเภทที่ 2 เท่าจำนวนตำแหน่งที่ว่างลงนั้น ฉบับพิเศษ หน้า 38 ตอนที่ 15 เล่ม 69 ราชกิจจานุเบกษา 8 มีนาคม 2495 ในกรณีที่จะมีการออกจากตำแหน่งของสมาชิกประเภทที่ 2 ตามความในวรรคแรก ให้คณะรัฐมนตรีประกาศจำนวนผู้มีสิทธิเลือกตั้ง ซึ่งได้รับการศึกษาอบรมจบชั้นประถมศึกษา ตามหลักสูตรของกระทรวงศึกษาธิการในวันที่ 1 มกราคม ของทุก ๆ ปี
const_2495,2495,1952,Constitution 2495,,,0,บททั่วไป,117,ในกรณีที่สมาชิกประเภทที่ 2 จะต้องออกจากตำแหน่งตาม
const_2495,2495,1952,Constitution 2495,,,0,บททั่วไป,116,ให้มีการเลือกตั้งสมาชิกประเภทที่ 1 เพิ่มขึ้นมีจำนวนเท่ากับจำนวนสมาชิกประเภทที่ 2 ที่จะต้องออกจากตำแหน่งนั้นภายในวันที่ 1 เมษายน และให้สมาชิกประเภทที่ 2 ออกจากตำแหน่งในวันที่สมาชิกประเภทที่ 1 เข้ารับหน้าที่
const_2495,2495,1952,Constitution 2495,,,0,บททั่วไป,118,ในระหว่างที่มีสมาชิกประเภทที่ 2 ถ้ามีการยุบสภา ตามความใน
const_2495,2495,1952,Constitution 2495,,,0,บททั่วไป,65,ให้มีการเลือกตั้งสมาชิกใหม่เฉพาะในส่วนสมาชิกประเภทที่ 1
const_2495,2495,1952,Constitution 2495,,,0,บททั่วไป,119,ภายใต้บังคับ
const_2495,2495,1952,Constitution 2495,,,0,บททั่วไป,50,(2) (3) (4) และ (5) ของรัฐธรรมนูญแห่งราชอาณาจักรไทย ฉบับพุทธศักราช 2475 สมาชิกประเภทที่ 2 คงอยู่ในตำแหน่งได้ตลอดเวลา ฉบับพิเศษ หน้า 39 ตอนที่ 15 เล่ม 69 ราชกิจจานุเบกษา 8 มีนาคม 2495 ที่กำหนดไว้ใน
const_2495,2495,1952,Constitution 2495,,,0,บททั่วไป,115,แต่มิให้มีการประชุมดำเนินการของ สภาผู้แทนราษฎรในระหว่างที่สภาต้องถูกยุบตามความใน
const_2495,2495,1952,Constitution 2495,,,0,บททั่วไป,120,ก่อนที่จะมีกฎหมายว่าด้วยการเลือกตั้งสมาชิกสภาผู้แทนราษฎรตามรัฐธรรมนูญนี้ ให้นำบทบัญญัติแห่งกฎหมายว่าด้วยการเลือกตั้งสมาชิกสภาผู้แทนราษฎรที่ใช้อยู่ในวันใช้บังคับรัฐธรรมนูญนี้มาใช้บังคับ
const_2495,2495,1952,Constitution 2495,,,0,บททั่วไป,121,ให้คณะรัฐมนตรีซึ่งดำรงตำแหน่งอยู่ในวันใช้บังคับรัฐธรรมนูญนี้ คงอยู่ในตำแหน่งบริหารราชการแผ่นดิน ตามนโยบายที่ได้แถลงไว้ต่อสภาผู้แทนราษฎรต่อไปก่อน และพ้นจากตำแหน่งเมื่อสมาชิกสภาผู้แทนราษฎรประเภทที่ 1 เข้ารับหน้าที่ และให้นำความใน
const_2495,2495,1952,Constitution 2495,,,0,บททั่วไป,87,มาใช้บังคับ
const_2495,2495,1952,Constitution 2495,,,0,บททั่วไป,122,ในวาระเริ่มแรก ให้สภาผู้แทนราษฎรแต่งตั้งตุลาการรัฐธรรมนูญตาม
const_2495,2495,1952,Constitution 2495,,,0,บททั่วไป,106,ให้เสร็จสิ้นภายในกำหนดสามสิบวันนับตั้งแต่วันที่สมาชิกประเภทที่ 1 ได้เข้ารับหน้าที่
const_2495,2495,1952,Constitution 2495,,,0,บททั่วไป,123,"เมื่อเลิกมีสมาชิกประเภทที่ 2 ข้าราชการประจำต้องออกจากตำแหน่งก่อน จึงจะดำรงตำแหน่งรัฐมนตรีหรือข้าราชการการเมืองอื่นได้"" ฉบับพิเศษ หน้า 40 ตอนที่ 15 เล่ม 69 ราชกิจจานุเบกษา 8 มีนาคม 2495"
const_2495,2495,1952,Constitution 2495,,,0,บททั่วไป,11,บรรดามาตราต่าง ๆ ของรัฐธรรมนูญแห่งราชอาณาจักรไทย ฉบับพุทธศักราช 2475 ซึ่งได้มีการแก้เลขา มาตราตามรัฐธรรมนูญนี้แล้วนั้น ถ้าได้อ้างถึงบทมาตราใดของ รัฐธรรมนูญแห่งราชอาณาจักรไทย ฉบับพุทธศักราช 2475 ให้ ถือว่าอ้างถึงบทมาตราตามที่แก้เลขมาตราใหม่นั้น ผู้รับสนองพระบรมราชโองการ จอมพล ป. พิบูลสงคราม นายกรัฐมนตรี
